wafer_id,die_row,die_col,old_label,predicted_probability
W_N_0055,0,14,0,0.011220757874773255
W_N_0055,0,15,0,0.019754658777130174
W_N_0055,0,16,0,0.01501810473903387
W_N_0055,0,17,0,0.0017653292650579356
W_N_0055,0,18,0,0.0004468768405281486
W_N_0055,0,19,0,0.026441399085929716
W_N_0055,0,20,0,0.0014092929281731526
W_N_0055,0,21,0,0.0863038962260512
W_N_0055,0,22,0,0.025642054547227313
W_N_0055,0,23,0,0.011348517685336379
W_N_0055,0,24,0,0.009343105614062566
W_N_0055,1,11,1,0.9977092957996123
W_N_0055,1,12,0,0.01917400659894315
W_N_0055,1,13,0,0.009696493927678964
W_N_0055,1,14,0,0.166344221405159
W_N_0055,1,15,0,0.0986794407320636
W_N_0055,1,16,0,0.0006040966361622331
W_N_0055,1,17,0,0.024556041616801624
W_N_0055,1,18,0,0.011498466746127582
W_N_0055,1,19,0,0.016580558101709404
W_N_0055,1,20,0,0.011815662251270759
W_N_0055,1,21,0,0.014500870863892668
W_N_0055,1,22,0,0.006226356598203228
W_N_0055,1,23,0,0.0032228834388338765
W_N_0055,1,24,0,0.002116667182350194
W_N_0055,1,25,0,0.04730811339003442
W_N_0055,1,26,0,0.00902281897418838
W_N_0055,2,10,0,0.0311443743667313
W_N_0055,2,11,0,0.004265963154592073
W_N_0055,2,12,0,0.06353281096894536
W_N_0055,2,13,0,0.027968987387636427
W_N_0055,2,14,0,0.0022969517994582593
W_N_0055,2,15,0,0.002896853762219317
W_N_0055,2,16,0,0.027083701601838255
W_N_0055,2,17,0,0.1205802141441992
W_N_0055,2,18,0,0.01357212900003942
W_N_0055,2,19,0,0.20536859082001613
W_N_0055,2,20,0,0.004876306763547183
W_N_0055,2,21,0,0.09650350867408375
W_N_0055,2,22,0,0.0010411247104606144
W_N_0055,2,23,0,0.011356223281528844
W_N_0055,2,24,0,0.0021332908045340136
W_N_0055,2,25,0,0.016160060925379523
W_N_0055,2,26,0,0.46146681664353545
W_N_0055,2,27,0,0.013375384613748887
W_N_0055,2,28,0,0.09650453727353844
W_N_0055,3,8,0,0.06491772533705285
W_N_0055,3,9,0,0.09565946061645376
W_N_0055,3,10,0,0.00504809056312965
W_N_0055,3,11,0,0.04032863059922453
W_N_0055,3,12,0,0.6192786196266733
W_N_0055,3,13,0,0.05265438850908067
W_N_0055,3,14,0,0.014085469943863683
W_N_0055,3,15,0,0.010787026749988686
W_N_0055,3,16,0,0.011710231556393788
W_N_0055,3,17,0,0.010049857428722258
W_N_0055,3,18,0,0.0032386787786294773
W_N_0055,3,19,0,0.02280000764508813
W_N_0055,3,20,0,0.033548975622797565
W_N_0055,3,21,0,0.004261701781423151
W_N_0055,3,22,0,0.022442795424859264
W_N_0055,3,23,0,0.024472554957192416
W_N_0055,3,24,0,0.03931568544807779
W_N_0055,3,25,0,0.11709234793013552
W_N_0055,3,26,0,0.0013781758900966849
W_N_0055,3,27,0,0.015612364709007268
W_N_0055,3,28,1,0.9003917007820662
W_N_0055,3,29,1,0.00445124776334269
W_N_0055,4,7,0,0.00538520353195529
W_N_0055,4,8,0,0.0021337708453901356
W_N_0055,4,9,0,0.02925733609909032
W_N_0055,4,10,0,0.004027940096727227
W_N_0055,4,11,0,0.021872039863461024
W_N_0055,4,12,0,0.00906291988929255
W_N_0055,4,13,0,0.0054509962297413245
W_N_0055,4,14,0,0.2746714975300358
W_N_0055,4,15,0,0.010665913005457009
W_N_0055,4,16,0,0.1583801400721876
W_N_0055,4,17,0,0.0016225619749240918
W_N_0055,4,18,0,0.0009306701768798267
W_N_0055,4,19,0,0.02316144093649959
W_N_0055,4,20,0,0.0029205374913049468
W_N_0055,4,21,0,0.0019238266142110657
W_N_0055,4,22,0,0.004459964200997404
W_N_0055,4,23,0,0.008437228771067213
W_N_0055,4,24,0,0.09426743245658681
W_N_0055,4,25,0,0.007252309890672109
W_N_0055,4,26,0,0.004692555634062003
W_N_0055,4,27,0,0.003210355287457538
W_N_0055,4,28,0,0.005765028765145822
W_N_0055,4,29,0,0.014942206914136039
W_N_0055,4,30,0,0.0011469986400162548
W_N_0055,4,31,0,0.0007742498390443933
W_N_0055,5,6,0,0.0062426385555275354
W_N_0055,5,7,0,0.057895682199955986
W_N_0055,5,8,0,0.011299210555416165
W_N_0055,5,9,0,0.04594990697628197
W_N_0055,5,10,0,0.009599747092007305
W_N_0055,5,11,0,0.06808423522650217
W_N_0055,5,12,0,0.003126565783865823
W_N_0055,5,13,1,0.9932198775467402
W_N_0055,5,14,0,0.07062179787237924
W_N_0055,5,15,0,0.004252525080420632
W_N_0055,5,16,0,0.002438360873760172
W_N_0055,5,17,0,0.0022147645953092907
W_N_0055,5,18,0,0.005791268716375738
W_N_0055,5,19,0,0.0011163136526418573
W_N_0055,5,20,0,0.9989293036385342
W_N_0055,5,21,0,0.010094554804517123
W_N_0055,5,22,0,0.0015423980640615555
W_N_0055,5,23,0,0.01321846056455064
W_N_0055,5,24,0,0.013219203070870737
W_N_0055,5,25,0,0.0043888347993666955
W_N_0055,5,26,0,0.02685308224514818
W_N_0055,5,27,0,0.040789497984345995
W_N_0055,5,28,0,0.003287144337819897
W_N_0055,5,29,0,0.08947092720040091
W_N_0055,5,30,0,0.010742778588776345
W_N_0055,5,31,0,0.008950511777914295
W_N_0055,5,32,0,0.07240418345946804
W_N_0055,6,5,0,0.09400911030089318
W_N_0055,6,6,0,0.0035193811102821487
W_N_0055,6,7,0,0.006906983112467247
W_N_0055,6,8,0,0.0033525980224611415
W_N_0055,6,9,0,0.002544011857449031
W_N_0055,6,10,0,0.0011291036136045296
W_N_0055,6,11,0,0.011504373544885264
W_N_0055,6,12,0,0.0936190244936186
W_N_0055,6,13,0,0.014959073395653371
W_N_0055,6,14,0,0.014387025558087532
W_N_0055,6,15,0,0.0021872915209118333
W_N_0055,6,16,0,0.14734936745188035
W_N_0055,6,17,0,0.09486891880923012
W_N_0055,6,18,0,0.03762942323342436
W_N_0055,6,19,0,0.017979961300008666
W_N_0055,6,20,0,0.0018476591662137426
W_N_0055,6,21,0,0.002520127650978472
W_N_0055,6,22,0,0.0072691259344536165
W_N_0055,6,23,0,0.0033861983287177427
W_N_0055,6,24,0,0.0014987835053629408
W_N_0055,6,25,0,0.0018218553714588089
W_N_0055,6,26,0,0.10490556539362605
W_N_0055,6,27,0,0.0753584148464234
W_N_0055,6,28,0,0.008084558225789627
W_N_0055,6,29,0,0.002040601395977043
W_N_0055,6,30,0,0.012398387179886809
W_N_0055,6,31,0,0.1121457692395789
W_N_0055,6,32,0,0.10599263118258818
W_N_0055,6,33,0,0.003902526614741359
W_N_0055,7,4,1,0.11342459494299786
W_N_0055,7,5,0,0.029013485885166116
W_N_0055,7,6,1,0.6186546559735024
W_N_0055,7,7,0,0.003424137169884625
W_N_0055,7,8,0,0.01916413638785389
W_N_0055,7,9,0,0.010334946132667985
W_N_0055,7,10,0,0.0027028968755726753
W_N_0055,7,11,0,0.017937256574429856
W_N_0055,7,12,0,0.015727386878540625
W_N_0055,7,13,0,0.018514803825753167
W_N_0055,7,14,0,0.011435784467815149
W_N_0055,7,15,1,0.08146353903237842
W_N_0055,7,16,0,0.006733022057554753
W_N_0055,7,17,0,0.004291191449383236
W_N_0055,7,18,0,0.08020196021170228
W_N_0055,7,19,0,0.012421664344702306
W_N_0055,7,20,0,0.9928729140274442
W_N_0055,7,21,0,0.001902683999217618
W_N_0055,7,22,0,0.030508870009677214
W_N_0055,7,23,0,0.022780702987976745
W_N_0055,7,24,0,0.0230930026839222
W_N_0055,7,25,0,0.019266543774173105
W_N_0055,7,26,0,0.072031028646791
W_N_0055,7,27,0,0.0012950210732382533
W_N_0055,7,28,0,0.005255963712234199
W_N_0055,7,29,0,0.016644284860670887
W_N_0055,7,30,0,0.008930362613939336
W_N_0055,7,31,0,0.0190191094793418
W_N_0055,7,32,0,0.009935693737015175
W_N_0055,7,33,0,0.0036770958580477817
W_N_0055,8,3,0,0.004612487068268986
W_N_0055,8,4,0,0.002472137692877231
W_N_0055,8,5,0,0.0045182625007062615
W_N_0055,8,6,1,0.2801871519304954
W_N_0055,8,7,0,0.0018646352282318498
W_N_0055,8,8,0,0.013920482145264567
W_N_0055,8,9,0,0.008836791865510889
W_N_0055,8,10,0,0.06069800865362685
W_N_0055,8,11,0,0.012703126522658828
W_N_0055,8,12,0,0.021640168693177867
W_N_0055,8,13,0,0.011295847101993188
W_N_0055,8,14,0,0.021566676907579806
W_N_0055,8,15,0,0.005618385511359547
W_N_0055,8,16,0,0.00824267474065518
W_N_0055,8,17,0,0.0034246695586394823
W_N_0055,8,18,0,0.003309692045237527
W_N_0055,8,19,0,0.02077321260994185
W_N_0055,8,20,0,0.014202338147060213
W_N_0055,8,21,0,0.004336055724646191
W_N_0055,8,22,0,0.06555595905235163
W_N_0055,8,23,0,0.026267686278224605
W_N_0055,8,24,0,0.0014586774251105848
W_N_0055,8,25,0,0.05130679687703929
W_N_0055,8,26,0,0.1372755721118635
W_N_0055,8,27,0,0.003287582920384932
W_N_0055,8,28,0,0.33799479636412055
W_N_0055,8,29,0,0.006201773787295359
W_N_0055,8,30,0,0.014061748466249748
W_N_0055,8,31,0,0.011411955451950135
W_N_0055,8,32,0,0.0020776932245574454
W_N_0055,8,33,0,0.002547432156397645
W_N_0055,8,34,0,0.11873338320987792
W_N_0055,9,3,0,0.02451686428855355
W_N_0055,9,4,0,0.09401536451523584
W_N_0055,9,5,0,0.01258024038688637
W_N_0055,9,6,0,0.0029557448119622706
W_N_0055,9,7,0,0.0009349710273738388
W_N_0055,9,8,0,0.06212578140150308
W_N_0055,9,9,0,0.7593395800937972
W_N_0055,9,10,0,0.0031799405813505662
W_N_0055,9,11,0,0.32079569305768096
W_N_0055,9,12,0,0.039670171275308315
W_N_0055,9,13,0,0.025424406532238705
W_N_0055,9,14,0,0.013353351656192537
W_N_0055,9,15,0,0.020111518200511172
W_N_0055,9,16,0,0.012526501317459388
W_N_0055,9,17,0,0.004228105737012963
W_N_0055,9,18,0,0.010734412642821633
W_N_0055,9,19,0,0.007472880414481189
W_N_0055,9,20,0,0.004783367423642555
W_N_0055,9,21,0,0.0015769267518436945
W_N_0055,9,22,1,0.0581608594227727
W_N_0055,9,23,0,0.0007362089858930061
W_N_0055,9,24,0,0.09653056859396272
W_N_0055,9,25,0,0.01237102099703253
W_N_0055,9,26,0,0.0027136273626293585
W_N_0055,9,27,0,0.019618852781458987
W_N_0055,9,28,0,0.0024251872890747365
W_N_0055,9,29,0,0.053896844136296286
W_N_0055,9,30,0,0.023431112261628362
W_N_0055,9,31,0,0.013079633277984795
W_N_0055,9,32,0,0.017908973211475294
W_N_0055,9,33,0,0.0032178155160024285
W_N_0055,9,34,0,0.02631188072911302
W_N_0055,9,35,0,0.05135985657094823
W_N_0055,10,2,0,0.008458885241503148
W_N_0055,10,3,0,0.003276260084708628
W_N_0055,10,4,0,0.047166343473272365
W_N_0055,10,5,0,0.0011655992022768704
W_N_0055,10,6,0,0.009002374537771656
W_N_0055,10,7,0,0.018088776420741314
W_N_0055,10,8,0,0.02267991429962361
W_N_0055,10,9,0,0.007225405958265557
W_N_0055,10,10,0,0.030805766906742072
W_N_0055,10,11,0,0.002481914460025421
W_N_0055,10,12,0,0.010538331017983998
W_N_0055,10,13,0,0.009154082552238972
W_N_0055,10,14,0,0.0061338966781676
W_N_0055,10,15,0,0.0035257402775127787
W_N_0055,10,16,0,0.005069464734484097
W_N_0055,10,17,0,0.021159209735991277
W_N_0055,10,18,0,0.0039895032078303815
W_N_0055,10,19,0,0.00682052366516163
W_N_0055,10,20,0,0.06760778827259446
W_N_0055,10,21,0,0.0388172791652051
W_N_0055,10,22,0,0.01182259727878485
W_N_0055,10,23,0,0.032418925916487734
W_N_0055,10,24,0,0.055469965690715904
W_N_0055,10,25,0,0.0013922135458926638
W_N_0055,10,26,0,0.0021614225778414007
W_N_0055,10,27,0,0.0024948130208683954
W_N_0055,10,28,0,0.009416490277032572
W_N_0055,10,29,0,0.003287503217365635
W_N_0055,10,30,0,0.0014455838654855347
W_N_0055,10,31,0,0.1285534232566478
W_N_0055,10,32,0,0.004040620289963776
W_N_0055,10,33,0,0.019259388429967203
W_N_0055,10,34,0,0.009302606346882982
W_N_0055,10,35,0,0.027695738523211343
W_N_0055,11,2,0,0.020842504579945197
W_N_0055,11,3,0,0.015451375397621337
W_N_0055,11,4,0,0.031034427380571203
W_N_0055,11,5,0,0.0021810007036333957
W_N_0055,11,6,0,0.001253521663476531
W_N_0055,11,7,0,0.020283967365514997
W_N_0055,11,8,0,0.00809906522613218
W_N_0055,11,9,0,0.031771697907276644
W_N_0055,11,10,0,0.003981533957877653
W_N_0055,11,11,0,0.001971860051382524
W_N_0055,11,12,0,0.06425553539573678
W_N_0055,11,13,0,0.009994965726906925
W_N_0055,11,14,0,0.08660886579037906
W_N_0055,11,15,0,0.037598109549725464
W_N_0055,11,16,0,0.01928178429571578
W_N_0055,11,17,0,0.0013435676207186472
W_N_0055,11,18,0,0.0193969690056381
W_N_0055,11,19,0,0.04758989273658744
W_N_0055,11,20,1,0.19575884463366844
W_N_0055,11,21,0,0.011148284811331942
W_N_0055,11,22,0,0.02855493161545151
W_N_0055,11,23,0,0.015096226385458478
W_N_0055,11,24,0,0.13214864460242656
W_N_0055,11,25,0,0.005463965680374963
W_N_0055,11,26,0,0.09652991910931705
W_N_0055,11,27,0,0.021830800131000267
W_N_0055,11,28,0,0.009551384161594248
W_N_0055,11,29,0,0.012424117982271787
W_N_0055,11,30,0,0.030206902470901697
W_N_0055,11,31,0,0.010426226212188493
W_N_0055,11,32,0,0.0028840850230436458
W_N_0055,11,33,0,0.003531487148326203
W_N_0055,11,34,0,0.00907278155992252
W_N_0055,11,35,0,0.015136887894940686
W_N_0055,11,36,0,0.07280735587491857
W_N_0055,12,1,0,0.006051616620665106
W_N_0055,12,2,0,0.01594986248576552
W_N_0055,12,3,0,0.0023812276481506313
W_N_0055,12,4,0,0.12580326508381445
W_N_0055,12,5,0,0.08412974121002531
W_N_0055,12,6,0,0.3345327551733279
W_N_0055,12,7,0,0.32318328681420005
W_N_0055,12,8,0,0.045736306306323984
W_N_0055,12,9,0,0.03648331118120185
W_N_0055,12,10,0,0.0021665343921499895
W_N_0055,12,11,0,0.001785611182360365
W_N_0055,12,12,0,0.05609766392154973
W_N_0055,12,13,0,0.005205064603707651
W_N_0055,12,14,0,0.04154442203625318
W_N_0055,12,15,0,0.0011053971211089986
W_N_0055,12,16,0,0.0036444393225925995
W_N_0055,12,17,0,0.04773119797558903
W_N_0055,12,18,0,0.002347060460878318
W_N_0055,12,19,1,0.49010236514410527
W_N_0055,12,20,0,0.00499050644571606
W_N_0055,12,21,0,0.06121195442402576
W_N_0055,12,22,0,0.003346616680539492
W_N_0055,12,23,0,0.012413278372966676
W_N_0055,12,24,0,0.035086298359966635
W_N_0055,12,25,0,0.004896607955060208
W_N_0055,12,26,0,0.0016253442173465714
W_N_0055,12,27,0,0.00451271013119489
W_N_0055,12,28,0,0.07506629485283486
W_N_0055,12,29,0,0.01458921256879205
W_N_0055,12,30,0,0.045856370619232714
W_N_0055,12,31,0,0.4671688378229967
W_N_0055,12,32,0,0.020937753441067367
W_N_0055,12,33,0,0.10547290190084728
W_N_0055,12,34,0,0.02688951783895535
W_N_0055,12,35,0,0.07274911399768613
W_N_0055,12,36,0,0.007541013042595505
W_N_0055,13,1,0,0.08242017958594611
W_N_0055,13,2,0,0.005986812485952598
W_N_0055,13,3,0,0.11976626508304834
W_N_0055,13,4,0,0.003900011040229996
W_N_0055,13,5,0,0.01424277451784926
W_N_0055,13,6,0,0.0019078712152325475
W_N_0055,13,7,0,0.0016804927507614914
W_N_0055,13,8,0,0.01632690754374101
W_N_0055,13,9,0,0.05541638736822724
W_N_0055,13,10,0,0.00906647369605485
W_N_0055,13,11,0,0.0019422249816015186
W_N_0055,13,12,0,0.005605310114291058
W_N_0055,13,13,1,0.9971737635517409
W_N_0055,13,14,0,0.02031159469316474
W_N_0055,13,15,0,0.017474682020192336
W_N_0055,13,16,0,0.017439871829612846
W_N_0055,13,17,0,0.0016860960921313212
W_N_0055,13,18,0,0.02053119202392105
W_N_0055,13,19,0,0.007106768501160285
W_N_0055,13,20,0,0.0008359075316110048
W_N_0055,13,21,0,0.014072967698301927
W_N_0055,13,22,0,0.025534506993878988
W_N_0055,13,23,0,0.8974436220161773
W_N_0055,13,24,0,0.016300538370625697
W_N_0055,13,25,0,0.12917530724922266
W_N_0055,13,26,0,0.0009026496419444454
W_N_0055,13,27,0,0.05608085026785619
W_N_0055,13,28,0,0.007394202852271009
W_N_0055,13,29,0,0.0027184438744710577
W_N_0055,13,30,0,0.11770006413157615
W_N_0055,13,31,0,0.02133987531786061
W_N_0055,13,32,0,0.002235647771391071
W_N_0055,13,33,0,0.14732113352297538
W_N_0055,13,34,0,0.012147163457447435
W_N_0055,13,35,0,0.007760404951953957
W_N_0055,13,36,1,0.33993586538827525
W_N_0055,14,1,0,0.0030283940163943444
W_N_0055,14,2,0,0.016010566718000736
W_N_0055,14,3,0,0.0387192363018396
W_N_0055,14,4,0,0.01094742799882626
W_N_0055,14,5,0,0.0036328817534835712
W_N_0055,14,6,0,0.0033791579873073867
W_N_0055,14,7,0,0.010700331607751367
W_N_0055,14,8,0,0.011259925232906868
W_N_0055,14,9,0,0.0024298043200493362
W_N_0055,14,10,0,0.0037246621760284376
W_N_0055,14,11,0,0.0032884475938642238
W_N_0055,14,12,0,0.01920095461757214
W_N_0055,14,13,0,0.005528779039413927
W_N_0055,14,14,0,0.11867349263999988
W_N_0055,14,15,0,0.008388185917768326
W_N_0055,14,16,0,0.0025128269279218202
W_N_0055,14,17,0,0.010861389974484
W_N_0055,14,18,0,0.0034831828938831646
W_N_0055,14,19,0,0.002292838549630158
W_N_0055,14,20,1,0.9789697827531683
W_N_0055,14,21,0,0.004862517773036498
W_N_0055,14,22,0,0.009879860867056979
W_N_0055,14,23,0,0.00178575824758039
W_N_0055,14,24,0,0.010953488133082265
W_N_0055,14,25,0,0.0038880063035567855
W_N_0055,14,26,0,0.9761099243844216
W_N_0055,14,27,0,0.0855868427960911
W_N_0055,14,28,0,0.0020406484845107665
W_N_0055,14,29,0,0.1307926716487438
W_N_0055,14,30,0,0.03775924434262755
W_N_0055,14,31,0,0.2386297343871962
W_N_0055,14,32,0,0.01458129184976186
W_N_0055,14,33,0,0.00185060861638977
W_N_0055,14,34,0,0.005037399965745238
W_N_0055,14,35,0,0.0013735943989526135
W_N_0055,14,36,0,0.0037271460536848493
W_N_0055,14,37,0,0.017244756816955868
W_N_0055,15,1,0,0.0046556639805380275
W_N_0055,15,2,0,0.01342186669754136
W_N_0055,15,3,0,0.023376412218757144
W_N_0055,15,4,0,0.001778590996250107
W_N_0055,15,5,0,0.0024452215191088965
W_N_0055,15,6,0,0.011966913363496106
W_N_0055,15,7,0,0.03144636060375414
W_N_0055,15,8,0,0.03259837492198599
W_N_0055,15,9,0,0.016524249049819674
W_N_0055,15,10,0,0.0012769828451480241
W_N_0055,15,11,0,0.0039783821695683055
W_N_0055,15,12,0,0.007264713450824453
W_N_0055,15,13,0,0.00980204465915842
W_N_0055,15,14,0,0.13444750181224144
W_N_0055,15,15,0,0.0031912751287961646
W_N_0055,15,16,0,0.09541925388861545
W_N_0055,15,17,0,0.018578715302047633
W_N_0055,15,18,0,0.025508223498280285
W_N_0055,15,19,0,0.01946409589549302
W_N_0055,15,20,0,0.9978594681915925
W_N_0055,15,21,0,0.005403785381326058
W_N_0055,15,22,0,0.014787286285548113
W_N_0055,15,23,0,0.004694450299921514
W_N_0055,15,24,0,0.027308571460029293
W_N_0055,15,25,0,0.02793431812108098
W_N_0055,15,26,0,0.016285930254530682
W_N_0055,15,27,0,0.004136828747225336
W_N_0055,15,28,0,0.002353456079276246
W_N_0055,15,29,0,0.010609027063116453
W_N_0055,15,30,0,0.008015711477557596
W_N_0055,15,31,0,0.03957090167576618
W_N_0055,15,32,0,0.007293955169857188
W_N_0055,15,33,0,0.06797741349287417
W_N_0055,15,34,0,0.0076425306809328065
W_N_0055,15,35,0,0.00345065796967971
W_N_0055,15,36,0,0.03924445049226745
W_N_0055,15,37,0,0.010390367004647804
W_N_0055,16,0,0,0.045170661037987045
W_N_0055,16,1,0,0.027766491567479335
W_N_0055,16,2,0,0.029329279813332672
W_N_0055,16,3,0,0.04263781081789705
W_N_0055,16,4,0,0.004607051992843827
W_N_0055,16,5,0,0.0031643225746990585
W_N_0055,16,6,0,0.005562077052282184
W_N_0055,16,7,0,0.004124477905411416
W_N_0055,16,8,0,0.01570219459872097
W_N_0055,16,9,0,0.24750883511053118
W_N_0055,16,10,0,0.029062592568933246
W_N_0055,16,11,0,0.030364243232458694
W_N_0055,16,12,0,0.0010015179040858396
W_N_0055,16,13,0,0.005689352621855251
W_N_0055,16,14,0,0.014475598313467852
W_N_0055,16,15,0,0.03435635084787369
W_N_0055,16,16,0,0.021009212297197516
W_N_0055,16,17,0,0.2429516153859836
W_N_0055,16,18,0,0.003286797295943745
W_N_0055,16,19,0,0.00394671966188893
W_N_0055,16,20,0,0.0014856981470029874
W_N_0055,16,21,0,0.1398070176539678
W_N_0055,16,22,0,0.01779621095338653
W_N_0055,16,23,0,0.0027077359021580013
W_N_0055,16,24,0,0.004275897527022647
W_N_0055,16,25,1,0.04164805823631651
W_N_0055,16,26,0,0.021528713601114496
W_N_0055,16,27,0,0.003477639461663402
W_N_0055,16,28,0,0.008922405704101018
W_N_0055,16,29,0,0.001080244834371871
W_N_0055,16,30,0,0.04725481120875682
W_N_0055,16,31,0,0.023439576658060186
W_N_0055,16,32,0,0.003012834134381995
W_N_0055,16,33,0,0.006736729123574662
W_N_0055,16,34,0,0.017915289657018177
W_N_0055,16,35,0,0.01358923256803092
W_N_0055,16,36,0,0.028601077712883994
W_N_0055,16,37,0,0.025829073452444767
W_N_0055,17,0,0,0.003461227887211075
W_N_0055,17,1,0,0.011179809594464426
W_N_0055,17,2,0,0.04640332050162309
W_N_0055,17,3,0,0.005391554229835295
W_N_0055,17,4,0,0.011725145667260661
W_N_0055,17,5,0,0.002075985559454282
W_N_0055,17,6,0,0.011875580555055288
W_N_0055,17,7,0,0.002602597989445737
W_N_0055,17,8,0,0.0022507878841722703
W_N_0055,17,9,0,0.14837552488040107
W_N_0055,17,10,0,0.05979297828394241
W_N_0055,17,11,0,0.005284947003242351
W_N_0055,17,12,0,0.049123433266640294
W_N_0055,17,13,0,0.013478511950149104
W_N_0055,17,14,0,0.00264273215177757
W_N_0055,17,15,0,0.005954603887408121
W_N_0055,17,16,0,0.016687361454821376
W_N_0055,17,17,0,0.10186452433254796
W_N_0055,17,18,0,0.020137426094019393
W_N_0055,17,19,0,0.002702890665399328
W_N_0055,17,20,0,0.1229353755950061
W_N_0055,17,21,0,0.021116306850379612
W_N_0055,17,22,0,0.05038977358852623
W_N_0055,17,23,0,0.017605812697799598
W_N_0055,17,24,0,0.0266661812314732
W_N_0055,17,25,0,0.005384170090880401
W_N_0055,17,26,0,0.052401358446312954
W_N_0055,17,27,0,0.010078257376719673
W_N_0055,17,28,0,0.20639546272736506
W_N_0055,17,29,0,0.012934011968572799
W_N_0055,17,30,0,0.03103825168739959
W_N_0055,17,31,0,0.003224968999729288
W_N_0055,17,32,0,0.2096402870594302
W_N_0055,17,33,0,0.0015718331967356323
W_N_0055,17,34,0,0.003019343032901739
W_N_0055,17,35,0,0.0020414814141953615
W_N_0055,17,36,0,0.015942685843389807
W_N_0055,17,37,0,0.01599314487624655
W_N_0055,18,0,1,0.6580960552233374
W_N_0055,18,1,0,0.002675269689581458
W_N_0055,18,2,1,0.8476078374189151
W_N_0055,18,3,0,0.020557488884797387
W_N_0055,18,4,0,0.046344818503226005
W_N_0055,18,5,0,0.016975311158708727
W_N_0055,18,6,0,0.003052931173549913
W_N_0055,18,7,0,0.007945101751795561
W_N_0055,18,8,0,0.03273184086165637
W_N_0055,18,9,0,0.010490352246517625
W_N_0055,18,10,0,0.006822391078181805
W_N_0055,18,11,0,0.02724596017555679
W_N_0055,18,12,0,0.006548984093827665
W_N_0055,18,13,0,0.0012709723790414894
W_N_0055,18,14,0,0.026956462790480206
W_N_0055,18,15,0,0.012093294018892923
W_N_0055,18,16,0,0.003347045398346392
W_N_0055,18,17,0,0.01207455266691804
W_N_0055,18,18,0,0.007084694982721881
W_N_0055,18,19,1,0.19170185787736294
W_N_0055,18,20,0,0.0032149218432259495
W_N_0055,18,21,0,0.011341110590938076
W_N_0055,18,22,0,0.0026630416376784
W_N_0055,18,23,0,0.03187314812893223
W_N_0055,18,24,0,0.08757342203651693
W_N_0055,18,25,0,0.002050520053097003
W_N_0055,18,26,0,0.034728323194051586
W_N_0055,18,27,0,0.0073873505475036075
W_N_0055,18,28,0,0.15907871436505033
W_N_0055,18,29,0,0.004569329276504812
W_N_0055,18,30,0,0.029951475206475144
W_N_0055,18,31,0,0.025540091359346744
W_N_0055,18,32,0,0.000912207015545757
W_N_0055,18,33,0,0.03348435138201372
W_N_0055,18,34,0,0.005504611262271615
W_N_0055,18,35,0,0.09638677569551192
W_N_0055,18,36,0,0.25620698479631904
W_N_0055,18,37,0,0.02264534519425679
W_N_0055,19,0,1,0.22981783071983874
W_N_0055,19,1,0,0.0011515530017628683
W_N_0055,19,2,0,0.03012353055358814
W_N_0055,19,3,0,0.02823300599549948
W_N_0055,19,4,0,0.00289571936879735
W_N_0055,19,5,0,0.016098117586694393
W_N_0055,19,6,0,0.0038566585183210673
W_N_0055,19,7,0,0.012061521281264158
W_N_0055,19,8,0,0.008813180768017775
W_N_0055,19,9,0,0.0140958251547191
W_N_0055,19,10,0,0.014926077840354652
W_N_0055,19,11,0,0.004661447777070036
W_N_0055,19,12,0,0.0346520525270334
W_N_0055,19,13,0,0.03195810133623063
W_N_0055,19,14,0,0.08046766354144674
W_N_0055,19,15,0,0.0014080950887111435
W_N_0055,19,16,0,0.015200000396260838
W_N_0055,19,17,0,0.006978539303945183
W_N_0055,19,18,0,0.014129864401159837
W_N_0055,19,19,0,0.03370020329119859
W_N_0055,19,20,0,0.004184656981188468
W_N_0055,19,21,0,0.009613816478885602
W_N_0055,19,22,0,0.017424363606343682
W_N_0055,19,23,0,0.0015315425449337627
W_N_0055,19,24,0,0.0025692792928619546
W_N_0055,19,25,0,0.0037322236828666207
W_N_0055,19,26,0,0.003924876355534753
W_N_0055,19,27,0,0.013378348832575005
W_N_0055,19,28,0,0.03377612705222362
W_N_0055,19,29,0,0.006779709611543404
W_N_0055,19,30,0,0.1718051962671841
W_N_0055,19,31,0,0.016089401081174133
W_N_0055,19,32,0,0.004092143311010068
W_N_0055,19,33,0,0.05021102181642779
W_N_0055,19,34,1,0.9983544677462192
W_N_0055,19,35,1,0.9846868111082526
W_N_0055,19,36,0,0.028574697885350702
W_N_0055,19,37,1,0.2445956410262981
W_N_0055,20,0,0,0.039074823189457444
W_N_0055,20,1,0,0.012743107408606501
W_N_0055,20,2,0,0.03608135269523078
W_N_0055,20,3,0,0.009901689758403297
W_N_0055,20,4,0,0.02095101730591824
W_N_0055,20,5,0,0.0017925072234213986
W_N_0055,20,6,0,0.004600658499466444
W_N_0055,20,7,0,0.0007600575511538259
W_N_0055,20,8,0,0.025338608386126768
W_N_0055,20,9,0,0.00454062831332191
W_N_0055,20,10,0,0.005174556045880145
W_N_0055,20,11,0,0.034752505659049686
W_N_0055,20,12,0,0.00845419013005054
W_N_0055,20,13,0,0.01895341674944827
W_N_0055,20,14,0,0.0006198981413772159
W_N_0055,20,15,0,0.045299390382082624
W_N_0055,20,16,0,0.0300455934362215
W_N_0055,20,17,0,0.03968380890089844
W_N_0055,20,18,0,0.007921475010379707
W_N_0055,20,19,0,0.07938891814521286
W_N_0055,20,20,0,0.004377018953959109
W_N_0055,20,21,0,0.015200265037797188
W_N_0055,20,22,0,0.01918762708271452
W_N_0055,20,23,0,0.005793399920602193
W_N_0055,20,24,0,0.009377146166862589
W_N_0055,20,25,0,0.05698446718151302
W_N_0055,20,26,0,0.003081850204645776
W_N_0055,20,27,0,0.0008671341887924074
W_N_0055,20,28,0,0.06170445068507768
W_N_0055,20,29,0,0.007942652584468543
W_N_0055,20,30,0,0.003785948790381583
W_N_0055,20,31,0,0.07593745383422701
W_N_0055,20,32,0,0.013695976821345775
W_N_0055,20,33,0,0.0031908766540727513
W_N_0055,20,34,0,0.002784349752998273
W_N_0055,20,35,0,0.07230182925792242
W_N_0055,20,36,0,0.01995293495409276
W_N_0055,20,37,1,0.04557228323381762
W_N_0055,21,0,1,0.9559790848137628
W_N_0055,21,1,0,0.004909881034104303
W_N_0055,21,2,0,0.0425813859635551
W_N_0055,21,3,0,0.04732755054845101
W_N_0055,21,4,0,0.09132544398407563
W_N_0055,21,5,0,0.01899104735363057
W_N_0055,21,6,0,0.004831118421294531
W_N_0055,21,7,0,0.018675872372907274
W_N_0055,21,8,0,0.00486398394528627
W_N_0055,21,9,0,0.009114338318366269
W_N_0055,21,10,0,0.06373797377226043
W_N_0055,21,11,0,0.005811791783581004
W_N_0055,21,12,0,0.043315137869468244
W_N_0055,21,13,0,0.0013131229589519774
W_N_0055,21,14,0,0.006428111456836755
W_N_0055,21,15,0,0.0020011695701578065
W_N_0055,21,16,0,0.028466715310124468
W_N_0055,21,17,0,0.01562115151995998
W_N_0055,21,18,0,0.003073103691994299
W_N_0055,21,19,0,0.0366904872062721
W_N_0055,21,20,0,0.002949207499297047
W_N_0055,21,21,0,0.011147106966703764
W_N_0055,21,22,0,0.006343981178741745
W_N_0055,21,23,0,0.004935068001949382
W_N_0055,21,24,0,0.10177709794798974
W_N_0055,21,25,0,0.0029417202060845757
W_N_0055,21,26,0,0.004908102655200757
W_N_0055,21,27,0,0.0042690677958110166
W_N_0055,21,28,0,0.004950800351437269
W_N_0055,21,29,0,0.013763599224385376
W_N_0055,21,30,0,0.014344445336059154
W_N_0055,21,31,0,0.009787874568487549
W_N_0055,21,32,0,0.0032701665399012384
W_N_0055,21,33,0,0.0025497947633771187
W_N_0055,21,34,0,0.023005618946827084
W_N_0055,21,35,1,0.999369930759427
W_N_0055,21,36,0,0.006266509578605847
W_N_0055,21,37,1,0.10650168792710964
W_N_0055,22,1,0,0.007150379198815944
W_N_0055,22,2,0,0.01924213999822094
W_N_0055,22,3,0,0.00021771840948712936
W_N_0055,22,4,0,0.0015033199626183337
W_N_0055,22,5,0,0.10282835110597185
W_N_0055,22,6,0,0.0034782190743381596
W_N_0055,22,7,0,0.008617863601865495
W_N_0055,22,8,0,0.00653922679977421
W_N_0055,22,9,0,0.014716795104589328
W_N_0055,22,10,0,0.01090926732641613
W_N_0055,22,11,0,0.010562843803900952
W_N_0055,22,12,0,0.0044811510463198005
W_N_0055,22,13,0,0.007066452394999955
W_N_0055,22,14,0,0.03014534336903279
W_N_0055,22,15,0,0.015366122632203936
W_N_0055,22,16,0,0.0012320544039736811
W_N_0055,22,17,0,0.33541576340204265
W_N_0055,22,18,0,0.05134140007122195
W_N_0055,22,19,0,0.015993639320017076
W_N_0055,22,20,0,0.0022587422044804983
W_N_0055,22,21,0,0.018314335742413635
W_N_0055,22,22,0,0.003977799453091596
W_N_0055,22,23,0,0.0006873766281238063
W_N_0055,22,24,0,0.018263054410367737
W_N_0055,22,25,0,0.09024794885595532
W_N_0055,22,26,0,0.0012388153637557583
W_N_0055,22,27,0,0.0021901345769390545
W_N_0055,22,28,0,0.020768710093089168
W_N_0055,22,29,0,0.009579115498039045
W_N_0055,22,30,0,0.024058272162140903
W_N_0055,22,31,0,0.013926135115761058
W_N_0055,22,32,0,0.017262961673162557
W_N_0055,22,33,0,0.003141186190011311
W_N_0055,22,34,0,0.019288594432554988
W_N_0055,22,35,0,0.048437772039684274
W_N_0055,22,36,0,0.0036378443966355875
W_N_0055,22,37,1,0.40873512240295856
W_N_0055,23,1,0,0.3316770236575908
W_N_0055,23,2,0,0.024875836064713535
W_N_0055,23,3,0,0.01216114195312982
W_N_0055,23,4,0,0.05496542424571631
W_N_0055,23,5,0,0.0032957437677444083
W_N_0055,23,6,0,0.012639712634307953
W_N_0055,23,7,0,0.21566771583930255
W_N_0055,23,8,0,0.144844419651602
W_N_0055,23,9,1,0.0614683092769066
W_N_0055,23,10,0,0.0006683713137250308
W_N_0055,23,11,0,0.002336153594549915
W_N_0055,23,12,0,0.015524762284974663
W_N_0055,23,13,0,0.012507117387634912
W_N_0055,23,14,0,0.0014999695316392587
W_N_0055,23,15,0,0.009742671574304914
W_N_0055,23,16,0,0.0016790659402750984
W_N_0055,23,17,0,0.002004245626016508
W_N_0055,23,18,0,0.006117817641981537
W_N_0055,23,19,0,0.008380534683489418
W_N_0055,23,20,0,0.0009141267710091588
W_N_0055,23,21,0,0.010266973407887162
W_N_0055,23,22,0,0.0030843635514558663
W_N_0055,23,23,0,0.014928625858796528
W_N_0055,23,24,0,0.008159694414549907
W_N_0055,23,25,0,0.12984472829005916
W_N_0055,23,26,0,0.0033459469348859194
W_N_0055,23,27,0,0.017796145875443026
W_N_0055,23,28,0,0.015125294588707292
W_N_0055,23,29,0,0.08470298370950642
W_N_0055,23,30,0,0.002814011067879121
W_N_0055,23,31,0,0.015904548928289807
W_N_0055,23,32,0,0.02194277359190637
W_N_0055,23,33,0,0.13273568853759565
W_N_0055,23,34,0,0.008001957083702247
W_N_0055,23,35,0,0.0324230545967283
W_N_0055,23,36,0,0.01067539910148738
W_N_0055,23,37,0,0.027254431579048652
W_N_0055,24,1,1,0.9929769739321873
W_N_0055,24,2,0,0.010458469503305607
W_N_0055,24,3,0,0.03423233207275374
W_N_0055,24,4,0,0.0008103569341879538
W_N_0055,24,5,0,0.12467477113663604
W_N_0055,24,6,1,0.32471918350812523
W_N_0055,24,7,0,0.038645755459865386
W_N_0055,24,8,0,0.0029903726530061806
W_N_0055,24,9,0,0.0015663859960324564
W_N_0055,24,10,0,0.003728414133579625
W_N_0055,24,11,0,0.003829806485313717
W_N_0055,24,12,0,0.031191333155481858
W_N_0055,24,13,0,0.011763549379634117
W_N_0055,24,14,0,0.016323538927881888
W_N_0055,24,15,0,0.0029836061896077355
W_N_0055,24,16,0,0.004510968020669926
W_N_0055,24,17,0,0.00031456097622871866
W_N_0055,24,18,0,0.007315030475302909
W_N_0055,24,19,0,0.012794061618090411
W_N_0055,24,20,0,0.009892105666812145
W_N_0055,24,21,0,0.08079676128057434
W_N_0055,24,22,0,0.004924137334737864
W_N_0055,24,23,0,0.002288589039901715
W_N_0055,24,24,0,0.14911303470826404
W_N_0055,24,25,0,0.06537174218312307
W_N_0055,24,26,1,0.49870646012270325
W_N_0055,24,27,0,0.004768957100785297
W_N_0055,24,28,0,0.05526144835865769
W_N_0055,24,29,0,0.0010556695088553354
W_N_0055,24,30,0,0.00213857700913935
W_N_0055,24,31,0,0.0034928727305296547
W_N_0055,24,32,0,0.05480993056898547
W_N_0055,24,33,0,0.005795228608297461
W_N_0055,24,34,0,0.0042322753693399455
W_N_0055,24,35,0,0.030132987849668627
W_N_0055,24,36,0,0.02243075540265776
W_N_0055,25,1,0,0.0021830262653741387
W_N_0055,25,2,0,0.08273418490979471
W_N_0055,25,3,0,0.022608478249157453
W_N_0055,25,4,0,0.008427899139514583
W_N_0055,25,5,0,0.038625664804407
W_N_0055,25,6,0,0.0024261399946217915
W_N_0055,25,7,0,0.1289166281921936
W_N_0055,25,8,0,0.17202788143518927
W_N_0055,25,9,0,0.0054344903140376155
W_N_0055,25,10,0,0.018419293512508542
W_N_0055,25,11,0,0.14186687516039104
W_N_0055,25,12,0,0.038065620800862766
W_N_0055,25,13,0,0.024073651872596438
W_N_0055,25,14,0,0.006490309310376863
W_N_0055,25,15,0,0.014472136032959607
W_N_0055,25,16,0,0.01264088836681806
W_N_0055,25,17,0,0.0014561632973484808
W_N_0055,25,18,0,0.008899941757305912
W_N_0055,25,19,0,0.005597021818621402
W_N_0055,25,20,0,0.006451949868131232
W_N_0055,25,21,0,0.0041582626189756375
W_N_0055,25,22,0,0.04180478283919566
W_N_0055,25,23,0,0.0028834710590401134
W_N_0055,25,24,0,0.018381263352676133
W_N_0055,25,25,0,0.0027963349341797506
W_N_0055,25,26,0,0.12007322767832065
W_N_0055,25,27,0,0.015494528786634876
W_N_0055,25,28,0,0.040728333302919494
W_N_0055,25,29,0,0.001961744146173752
W_N_0055,25,30,0,0.13660160663115584
W_N_0055,25,31,0,0.008593951767058091
W_N_0055,25,32,0,0.0033153775198167604
W_N_0055,25,33,0,0.004311574422146671
W_N_0055,25,34,0,0.10463820405463617
W_N_0055,25,35,0,0.0037723076543605956
W_N_0055,25,36,0,0.016925947368721092
W_N_0055,26,2,0,0.008371103367936877
W_N_0055,26,3,1,0.9986547474320071
W_N_0055,26,4,0,0.5218663874915535
W_N_0055,26,5,0,0.005894215535496338
W_N_0055,26,6,0,0.004082938151666168
W_N_0055,26,7,0,0.01764042916494227
W_N_0055,26,8,0,0.014138323912612051
W_N_0055,26,9,0,0.023104407005683596
W_N_0055,26,10,0,0.004223035900690171
W_N_0055,26,11,0,0.007413220619647326
W_N_0055,26,12,0,0.012630691080405158
W_N_0055,26,13,0,0.00956847214973502
W_N_0055,26,14,0,0.00687504418490225
W_N_0055,26,15,0,0.002426493481929897
W_N_0055,26,16,0,0.007991979275007484
W_N_0055,26,17,0,0.0062256364966627765
W_N_0055,26,18,0,0.03588366519394111
W_N_0055,26,19,0,0.00575019499120623
W_N_0055,26,20,0,0.0035352674871537825
W_N_0055,26,21,0,0.0036816609201311416
W_N_0055,26,22,0,0.022568117786785753
W_N_0055,26,23,0,0.010792481544439745
W_N_0055,26,24,0,0.02897750591998002
W_N_0055,26,25,0,0.008436916924532129
W_N_0055,26,26,0,0.006454974072859713
W_N_0055,26,27,0,0.007601866464354654
W_N_0055,26,28,0,0.0027108288554644274
W_N_0055,26,29,0,0.1211209960929211
W_N_0055,26,30,0,0.0024022008301290265
W_N_0055,26,31,0,0.06278685490980354
W_N_0055,26,32,0,0.005046247125415225
W_N_0055,26,33,0,0.037299973321786736
W_N_0055,26,34,0,0.0035912768094073567
W_N_0055,26,35,0,0.04347873084677389
W_N_0055,26,36,1,0.03884354189451419
W_N_0055,27,2,0,0.08431792972852485
W_N_0055,27,3,0,0.00848850152605885
W_N_0055,27,4,0,0.020025867735363585
W_N_0055,27,5,0,0.002264365296451241
W_N_0055,27,6,0,0.0022733006482586905
W_N_0055,27,7,0,0.12803487140129652
W_N_0055,27,8,0,0.09270267325581252
W_N_0055,27,9,0,0.1249895605097522
W_N_0055,27,10,0,0.013885678182491893
W_N_0055,27,11,0,0.019382415528389235
W_N_0055,27,12,0,0.0017078569771727529
W_N_0055,27,13,0,0.003433171201504799
W_N_0055,27,14,0,0.001925246603864729
W_N_0055,27,15,0,0.011645202112594368
W_N_0055,27,16,0,0.001003269121279483
W_N_0055,27,17,0,0.23605113240508613
W_N_0055,27,18,0,0.09103229756916305
W_N_0055,27,19,0,0.003533636439571366
W_N_0055,27,20,0,0.002599773828244196
W_N_0055,27,21,0,0.0016168215777944792
W_N_0055,27,22,0,0.026244989105834622
W_N_0055,27,23,0,0.005799555700080959
W_N_0055,27,24,0,0.008804338907831019
W_N_0055,27,25,0,0.0069007605286790915
W_N_0055,27,26,0,0.0020727570497461184
W_N_0055,27,27,0,0.005524821925801807
W_N_0055,27,28,0,0.002367257177126911
W_N_0055,27,29,0,0.017160458239536207
W_N_0055,27,30,0,0.003496668449331539
W_N_0055,27,31,0,0.13978204161210903
W_N_0055,27,32,0,0.007287838989145923
W_N_0055,27,33,0,0.0024942722584981813
W_N_0055,27,34,0,0.02673033071971116
W_N_0055,27,35,0,0.0017745550094519019
W_N_0055,28,3,0,0.0038996113551416443
W_N_0055,28,4,0,0.1293987743343035
W_N_0055,28,5,0,0.04012042677175009
W_N_0055,28,6,0,0.006255795047226306
W_N_0055,28,7,0,0.0022016406217142312
W_N_0055,28,8,0,0.11006907652321812
W_N_0055,28,9,0,0.02038654521866193
W_N_0055,28,10,0,0.9884731077093275
W_N_0055,28,11,0,0.0028968696163495368
W_N_0055,28,12,0,0.06326878339794911
W_N_0055,28,13,0,0.02751229423852406
W_N_0055,28,14,0,0.008968982476567489
W_N_0055,28,15,0,0.013720224209086414
W_N_0055,28,16,0,0.014225050948159124
W_N_0055,28,17,0,0.021003658677606996
W_N_0055,28,18,0,0.013223303089157585
W_N_0055,28,19,0,0.11326904923776224
W_N_0055,28,20,0,0.0010535970715507632
W_N_0055,28,21,0,0.27125270528217815
W_N_0055,28,22,0,0.0014639092535252522
W_N_0055,28,23,0,0.01330061686197751
W_N_0055,28,24,0,0.015507386474823588
W_N_0055,28,25,0,0.004437473793955566
W_N_0055,28,26,0,0.02499954948341897
W_N_0055,28,27,0,0.004645420569117988
W_N_0055,28,28,0,0.01810984425333042
W_N_0055,28,29,0,0.024727492535973478
W_N_0055,28,30,0,0.354797282242641
W_N_0055,28,31,0,0.0008406503363475194
W_N_0055,28,32,0,0.006206968481700067
W_N_0055,28,33,1,0.22307952645399115
W_N_0055,28,34,0,0.04720407744964203
W_N_0055,28,35,1,0.511905288273687
W_N_0055,29,4,0,0.012878287474403753
W_N_0055,29,5,0,0.1057826187115929
W_N_0055,29,6,1,0.003683774490934109
W_N_0055,29,7,0,0.023953739436614663
W_N_0055,29,8,0,0.0016938689518934428
W_N_0055,29,9,0,0.0011501562055118287
W_N_0055,29,10,0,0.0020547732179928674
W_N_0055,29,11,0,0.0035309036789280324
W_N_0055,29,12,0,0.0012934577530516144
W_N_0055,29,13,0,0.00557703943727805
W_N_0055,29,14,0,0.0023472743441644113
W_N_0055,29,15,0,0.11160505467951776
W_N_0055,29,16,0,0.010439741883745308
W_N_0055,29,17,0,0.01830866919843348
W_N_0055,29,18,0,0.015113153194336128
W_N_0055,29,19,0,0.11001102246298895
W_N_0055,29,20,0,0.0008452184303591151
W_N_0055,29,21,0,0.0081628197847214
W_N_0055,29,22,0,0.015887908682878857
W_N_0055,29,23,0,0.03904849286678549
W_N_0055,29,24,0,0.007439987711819143
W_N_0055,29,25,0,0.1616755084737914
W_N_0055,29,26,0,0.0015615945358312911
W_N_0055,29,27,0,0.019880710133972076
W_N_0055,29,28,0,0.014507533267532288
W_N_0055,29,29,0,0.011393094314048738
W_N_0055,29,30,0,0.21319581258415002
W_N_0055,29,31,0,0.0103655870691089
W_N_0055,29,32,0,0.005235589335570692
W_N_0055,29,33,0,0.12433307323741807
W_N_0055,29,34,0,0.0378148745854456
W_N_0055,30,4,0,0.008007854045806048
W_N_0055,30,5,0,0.40658192941792076
W_N_0055,30,6,1,0.9455115000743356
W_N_0055,30,7,0,0.5258769740919598
W_N_0055,30,8,0,0.15967919380658507
W_N_0055,30,9,0,0.006115018903968514
W_N_0055,30,10,0,0.031163215480272302
W_N_0055,30,11,0,0.06443207460985922
W_N_0055,30,12,0,0.032453038963416225
W_N_0055,30,13,0,0.012071068497960765
W_N_0055,30,14,0,0.007014841711116968
W_N_0055,30,15,0,0.010329304469340219
W_N_0055,30,16,0,0.009342558959928152
W_N_0055,30,17,0,0.03167947553877603
W_N_0055,30,18,0,0.11293314079130234
W_N_0055,30,19,0,0.010955194926987873
W_N_0055,30,20,0,0.012268657943716026
W_N_0055,30,21,0,0.028981021962573898
W_N_0055,30,22,0,0.029800026942601338
W_N_0055,30,23,0,0.00576860609793329
W_N_0055,30,24,0,0.0030932224458664827
W_N_0055,30,25,0,0.01212468634554901
W_N_0055,30,26,0,0.013228116947643106
W_N_0055,30,27,0,0.08978114591650135
W_N_0055,30,28,0,0.0013686958646872173
W_N_0055,30,29,1,0.9995200588924555
W_N_0055,30,30,0,0.08012957074994116
W_N_0055,30,31,0,0.06057840706272589
W_N_0055,30,32,0,0.004724880508355555
W_N_0055,30,33,0,0.01329749008868793
W_N_0055,31,5,1,0.03451640945996751
W_N_0055,31,6,0,0.1252162112623383
W_N_0055,31,7,0,0.005132120739447416
W_N_0055,31,8,0,0.011899086317020875
W_N_0055,31,9,0,0.05629128073431986
W_N_0055,31,10,0,0.0167700078386329
W_N_0055,31,11,0,0.011748039273560966
W_N_0055,31,12,0,0.010593736486839254
W_N_0055,31,13,0,0.0018465189405146452
W_N_0055,31,14,0,0.1394525265323667
W_N_0055,31,15,0,0.00700052139210032
W_N_0055,31,16,0,0.023176163059866806
W_N_0055,31,17,0,0.038026174955063184
W_N_0055,31,18,0,0.01199310827551861
W_N_0055,31,19,0,0.01812869375706281
W_N_0055,31,20,0,0.005267352541893514
W_N_0055,31,21,0,0.07183558163114712
W_N_0055,31,22,0,0.0009596784611770056
W_N_0055,31,23,0,0.006140996860931979
W_N_0055,31,24,0,0.0550611870027284
W_N_0055,31,25,0,0.09202649479155373
W_N_0055,31,26,0,0.005396903958846012
W_N_0055,31,27,0,0.004146488746613609
W_N_0055,31,28,0,0.03194448725032092
W_N_0055,31,29,1,0.9787931272332288
W_N_0055,31,30,0,0.09956586672717604
W_N_0055,31,31,0,0.013856400882404134
W_N_0055,31,32,0,0.0038379460490120853
W_N_0055,32,6,1,0.9969737417522128
W_N_0055,32,7,0,0.0866877354661826
W_N_0055,32,8,0,0.09841688820434868
W_N_0055,32,9,0,0.0062567249610652525
W_N_0055,32,10,0,0.013034564652857282
W_N_0055,32,11,0,0.013245912301668557
W_N_0055,32,12,0,0.002637158361713603
W_N_0055,32,13,0,0.0459641255758525
W_N_0055,32,14,0,0.00437155948035258
W_N_0055,32,15,0,0.02196437887020735
W_N_0055,32,16,0,0.19514015718590103
W_N_0055,32,17,0,0.022431868430869892
W_N_0055,32,18,0,0.00443585892460434
W_N_0055,32,19,0,0.09185595841150769
W_N_0055,32,20,0,0.014801483156086226
W_N_0055,32,21,0,0.004356011823900685
W_N_0055,32,22,0,0.20341088364254548
W_N_0055,32,23,0,0.04808029701471363
W_N_0055,32,24,0,0.016782305261344752
W_N_0055,32,25,0,0.023218018381503305
W_N_0055,32,26,0,0.007805091197518728
W_N_0055,32,27,0,0.03495333465028153
W_N_0055,32,28,0,0.01739391808518587
W_N_0055,32,29,1,0.05147953542317798
W_N_0055,32,30,0,0.08207859224908226
W_N_0055,32,31,0,0.015912194451967763
W_N_0055,33,7,0,0.11767146291175092
W_N_0055,33,8,0,0.017456466151556615
W_N_0055,33,9,0,0.0024321053867836177
W_N_0055,33,10,0,0.013099079717600602
W_N_0055,33,11,0,0.007896202303550402
W_N_0055,33,12,0,0.13448673870615507
W_N_0055,33,13,0,0.021382511498987948
W_N_0055,33,14,0,0.010724235620378482
W_N_0055,33,15,1,0.9737099174257644
W_N_0055,33,16,0,0.35059348989040584
W_N_0055,33,17,0,0.005767759438550963
W_N_0055,33,18,1,0.02833800160632801
W_N_0055,33,19,0,0.0019625901770231402
W_N_0055,33,20,0,0.09912307486547924
W_N_0055,33,21,0,0.004409061069739666
W_N_0055,33,22,0,0.009349553225326226
W_N_0055,33,23,0,0.0054435228344734184
W_N_0055,33,24,0,0.06665584679667864
W_N_0055,33,25,0,0.19382368686532203
W_N_0055,33,26,0,0.09032150436625908
W_N_0055,33,27,0,0.007647137306552279
W_N_0055,33,28,0,0.027256137534654536
W_N_0055,33,29,0,0.00236778950590261
W_N_0055,33,30,0,0.026778703678488388
W_N_0055,34,8,0,0.0006831428879847307
W_N_0055,34,9,0,0.02159691610692532
W_N_0055,34,10,0,0.008194319298128163
W_N_0055,34,11,0,0.0035809853536485467
W_N_0055,34,12,0,0.0593429499329119
W_N_0055,34,13,0,0.011750212634709751
W_N_0055,34,14,0,0.01533815187310365
W_N_0055,34,15,0,0.041711075629232944
W_N_0055,34,16,0,0.0005241392882078833
W_N_0055,34,17,0,0.00750142090373558
W_N_0055,34,18,1,0.16922228288920485
W_N_0055,34,19,0,0.0010658721309587977
W_N_0055,34,20,0,0.005690606258432082
W_N_0055,34,21,0,0.025422600204033342
W_N_0055,34,22,0,0.0017785720221519215
W_N_0055,34,23,1,0.41683331790471345
W_N_0055,34,24,0,0.03079967762821933
W_N_0055,34,25,0,0.10489414984429508
W_N_0055,34,26,0,0.0085698786104621
W_N_0055,34,27,0,0.0010359708346431083
W_N_0055,34,28,0,0.009408100334847819
W_N_0055,34,29,0,0.01943407039127627
W_N_0055,35,10,0,0.007044569299627625
W_N_0055,35,11,1,0.0824406677698073
W_N_0055,35,12,0,0.014051077066355283
W_N_0055,35,13,0,0.04269033440442003
W_N_0055,35,14,0,0.04730401037695302
W_N_0055,35,15,0,0.0054597299050838394
W_N_0055,35,16,0,0.01121893159802812
W_N_0055,35,17,0,0.02254728712134415
W_N_0055,35,18,1,0.2716436391129312
W_N_0055,35,19,1,0.9962558901631423
W_N_0055,35,20,0,0.042997594003501866
W_N_0055,35,21,0,0.02615827901129945
W_N_0055,35,22,0,0.002128960218291019
W_N_0055,35,23,0,0.0137625725788586
W_N_0055,35,24,0,0.0506583981168351
W_N_0055,35,25,0,0.006269885010145933
W_N_0055,35,26,0,0.014874414800792362
W_N_0055,35,27,1,0.9997856555853799
W_N_0055,35,28,0,0.005825298390326187
W_N_0055,36,12,1,0.19277255937930646
W_N_0055,36,13,0,0.014617073573724564
W_N_0055,36,14,0,0.0017175564386134518
W_N_0055,36,15,0,0.014207351436469196
W_N_0055,36,16,0,0.06191414261468713
W_N_0055,36,17,1,0.9992020157409854
W_N_0055,36,18,1,0.013758513888216842
W_N_0055,36,19,0,0.04148479179215934
W_N_0055,36,20,0,0.05793582542924514
W_N_0055,36,21,0,0.005937131114759812
W_N_0055,36,22,0,0.0017943892144291402
W_N_0055,36,23,0,0.004768498917626343
W_N_0055,36,24,0,0.00453975787563265
W_N_0055,36,25,0,0.008501027369718677
W_N_0055,36,26,0,0.021460180773692706
W_N_0055,37,15,1,0.9955366131484827
W_N_0055,37,16,0,0.08663662759267776
W_N_0055,37,17,1,0.9982761522623991
W_N_0055,37,18,0,0.011455499932190819
W_N_0055,37,19,0,0.004403474570889067
W_N_0055,37,20,0,0.02626341739230916
W_N_0055,37,21,0,0.061989189975596624
W_N_0055,37,22,0,0.07815313631307745
W_N_0055,37,23,1,0.0495602847166012
W_N_0083,0,18,0,0.015582030740239372
W_N_0083,0,19,0,0.0696135787442368
W_N_0083,0,20,0,0.014256776028551977
W_N_0083,0,21,0,0.09710860002475757
W_N_0083,0,22,0,0.00952412563591125
W_N_0083,0,23,0,0.0064400892881641345
W_N_0083,0,24,0,0.10596654160261988
W_N_0083,1,14,0,0.044982281715561574
W_N_0083,1,15,0,0.9997989205474687
W_N_0083,1,16,0,0.05283176916342816
W_N_0083,1,17,0,0.02395778819624878
W_N_0083,1,18,0,0.02263235295737883
W_N_0083,1,19,0,0.4967816449356236
W_N_0083,1,20,0,0.016947717549994776
W_N_0083,1,21,0,0.024833340642056764
W_N_0083,1,22,1,0.9996743394567402
W_N_0083,1,23,1,0.13027064643817432
W_N_0083,1,24,0,0.01939403254539752
W_N_0083,1,25,0,0.030625594464262558
W_N_0083,1,26,0,0.011385449814590297
W_N_0083,1,27,0,0.013087877977454148
W_N_0083,2,12,0,0.006728078283705458
W_N_0083,2,13,0,0.057359166553190705
W_N_0083,2,14,0,0.02263284373033848
W_N_0083,2,15,0,0.652213239152521
W_N_0083,2,16,0,0.022199297968108753
W_N_0083,2,17,0,0.054370744037228885
W_N_0083,2,18,0,0.35412756822118685
W_N_0083,2,19,0,0.024399146870728576
W_N_0083,2,20,0,0.004953340226925842
W_N_0083,2,21,0,0.009480449409760732
W_N_0083,2,22,0,0.23233279404475418
W_N_0083,2,23,0,0.7813336699195292
W_N_0083,2,24,0,0.05966816481047681
W_N_0083,2,25,0,0.20168112965895196
W_N_0083,2,26,0,0.9880412567198493
W_N_0083,2,27,0,0.02758011019798219
W_N_0083,2,28,0,0.24893506847845043
W_N_0083,2,29,0,0.1596999831365618
W_N_0083,3,10,0,0.030481584472614755
W_N_0083,3,11,0,0.007450075952665171
W_N_0083,3,12,0,0.005153594486521329
W_N_0083,3,13,0,0.029755802475989707
W_N_0083,3,14,1,0.1879944038741622
W_N_0083,3,15,0,0.08506483110352377
W_N_0083,3,16,0,0.15686704919593566
W_N_0083,3,17,0,0.20136779005741012
W_N_0083,3,18,0,0.05605895508116902
W_N_0083,3,19,0,0.5225071068524967
W_N_0083,3,20,0,0.0742743662076823
W_N_0083,3,21,0,0.009484965311320715
W_N_0083,3,22,0,0.20938499647773479
W_N_0083,3,23,0,0.20156397651123714
W_N_0083,3,24,0,0.015192663246040334
W_N_0083,3,25,0,0.032319528715683735
W_N_0083,3,26,0,0.046672827408272576
W_N_0083,3,27,0,0.0034383517688320476
W_N_0083,3,28,0,0.1533050602964514
W_N_0083,3,29,0,0.01277075171085787
W_N_0083,3,30,0,0.06943281406761816
W_N_0083,3,31,0,0.2714604728960683
W_N_0083,4,9,1,0.36530588785911106
W_N_0083,4,10,0,0.17784171108490712
W_N_0083,4,11,0,0.04039693975077528
W_N_0083,4,12,0,0.1484743043892587
W_N_0083,4,13,0,0.019532744701384105
W_N_0083,4,14,0,0.0599752299815976
W_N_0083,4,15,0,0.12104343726066405
W_N_0083,4,16,0,0.007685770319768658
W_N_0083,4,17,0,0.3882038959420913
W_N_0083,4,18,0,0.22619989140591437
W_N_0083,4,19,0,0.9980232450689344
W_N_0083,4,20,0,0.05039718665100209
W_N_0083,4,21,0,0.01082562457452679
W_N_0083,4,22,0,0.02790392770292658
W_N_0083,4,23,0,0.014212406965872667
W_N_0083,4,24,0,0.061120325233752514
W_N_0083,4,25,0,0.13805514341941882
W_N_0083,4,26,0,0.27453266480350813
W_N_0083,4,27,0,0.17178199581866735
W_N_0083,4,28,1,0.519770376524965
W_N_0083,4,29,0,0.044345589881544814
W_N_0083,4,30,0,0.05710723094788065
W_N_0083,4,31,0,0.060371510378752685
W_N_0083,4,32,0,0.03145736143341267
W_N_0083,4,33,1,0.571040170675962
W_N_0083,5,8,1,0.994531126973805
W_N_0083,5,9,0,0.9968314631214775
W_N_0083,5,10,0,0.269601372246859
W_N_0083,5,11,0,0.24745938966437697
W_N_0083,5,12,0,0.04123763599750616
W_N_0083,5,13,0,0.20375039483678642
W_N_0083,5,14,0,0.0041732590663677155
W_N_0083,5,15,0,0.9913422318915965
W_N_0083,5,16,0,0.415025915777301
W_N_0083,5,17,1,0.8159512965052316
W_N_0083,5,18,0,0.1154533553268778
W_N_0083,5,19,0,0.12004567758490059
W_N_0083,5,20,0,0.010718591281365531
W_N_0083,5,21,0,0.07091528749715931
W_N_0083,5,22,0,0.008677701106309948
W_N_0083,5,23,0,0.06904365828925149
W_N_0083,5,24,0,0.0013307432995911278
W_N_0083,5,25,0,0.00851727733315751
W_N_0083,5,26,0,0.17015783420592875
W_N_0083,5,27,0,0.08924345028506282
W_N_0083,5,28,0,0.509992986097608
W_N_0083,5,29,0,0.9991867426718767
W_N_0083,5,30,0,0.01953933519528444
W_N_0083,5,31,0,0.12023899403611371
W_N_0083,5,32,1,0.38725290333232965
W_N_0083,5,33,0,0.0761814327515294
W_N_0083,5,34,0,0.05182332492816709
W_N_0083,6,7,0,0.015217436782793015
W_N_0083,6,8,0,0.010426368149148792
W_N_0083,6,9,0,0.07787267972219958
W_N_0083,6,10,0,0.3531761570578733
W_N_0083,6,11,0,0.8703337335892222
W_N_0083,6,12,0,0.03285457701755016
W_N_0083,6,13,1,0.20599914266513802
W_N_0083,6,14,0,0.0175650208791821
W_N_0083,6,15,0,0.5904419276718124
W_N_0083,6,16,0,0.01577829444770922
W_N_0083,6,17,0,0.13411940943406572
W_N_0083,6,18,0,0.006546435709858505
W_N_0083,6,19,0,0.017076247346710226
W_N_0083,6,20,0,0.009784976306690337
W_N_0083,6,21,0,0.24379526723646466
W_N_0083,6,22,0,0.1861112072183152
W_N_0083,6,23,0,0.09745496460352604
W_N_0083,6,24,0,0.01193241117264729
W_N_0083,6,25,0,0.0059921132845761685
W_N_0083,6,26,0,0.011779207426111552
W_N_0083,6,27,0,0.24210329943026018
W_N_0083,6,28,0,0.013657958117885472
W_N_0083,6,29,0,0.2648901907289855
W_N_0083,6,30,0,0.01810829345505176
W_N_0083,6,31,0,0.2393706919898018
W_N_0083,6,32,0,0.00478101890153715
W_N_0083,6,33,0,0.0959850854814572
W_N_0083,6,34,0,0.2723192505715806
W_N_0083,6,35,0,0.015311126943847847
W_N_0083,7,6,1,0.9932410103190332
W_N_0083,7,7,0,0.009190556151125195
W_N_0083,7,8,0,0.027664508991242585
W_N_0083,7,9,0,0.9974416863489843
W_N_0083,7,10,0,0.6914630139219702
W_N_0083,7,11,0,0.005176949390684425
W_N_0083,7,12,0,0.01758315945530756
W_N_0083,7,13,0,0.23141780202083137
W_N_0083,7,14,0,0.07429389074349042
W_N_0083,7,15,0,0.07786308450397243
W_N_0083,7,16,0,0.008408350476597803
W_N_0083,7,17,0,0.008478714722290956
W_N_0083,7,18,0,0.16506973648617515
W_N_0083,7,19,0,0.17195178910688555
W_N_0083,7,20,0,0.024799409112584197
W_N_0083,7,21,0,0.04265965169557078
W_N_0083,7,22,0,0.0706936478666613
W_N_0083,7,23,0,0.055619700370017205
W_N_0083,7,24,0,0.1080917598854447
W_N_0083,7,25,0,0.02898173907508406
W_N_0083,7,26,0,0.011362804952539099
W_N_0083,7,27,0,0.15710107469888154
W_N_0083,7,28,0,0.9948933510549578
W_N_0083,7,29,0,0.005724635103733563
W_N_0083,7,30,0,0.006800916629403214
W_N_0083,7,31,0,0.0033894726879906824
W_N_0083,7,32,0,0.08315395355866008
W_N_0083,7,33,0,0.08488108603883564
W_N_0083,7,34,0,0.04042309422020138
W_N_0083,7,35,0,0.0520762670134588
W_N_0083,7,36,1,0.16693452348211632
W_N_0083,8,5,1,0.967088933300495
W_N_0083,8,6,0,0.028054270043436275
W_N_0083,8,7,0,0.01689792472459504
W_N_0083,8,8,0,0.02878280987949338
W_N_0083,8,9,0,0.13526649918870806
W_N_0083,8,10,0,0.043307748141414276
W_N_0083,8,11,1,0.26266658356245476
W_N_0083,8,12,0,0.020410555066663318
W_N_0083,8,13,0,0.35646291017551424
W_N_0083,8,14,0,0.10020607602540002
W_N_0083,8,15,1,0.9967110876309853
W_N_0083,8,16,0,0.9988291262211229
W_N_0083,8,17,0,0.025825933915226813
W_N_0083,8,18,0,0.11139814254058215
W_N_0083,8,19,0,0.24207385560428596
W_N_0083,8,20,0,0.9980183565307987
W_N_0083,8,21,0,0.9995412887844719
W_N_0083,8,22,0,0.01579515046975181
W_N_0083,8,23,0,0.0936339297194459
W_N_0083,8,24,0,0.0038217662415571813
W_N_0083,8,25,0,0.021986302921019874
W_N_0083,8,26,0,0.02035825747857584
W_N_0083,8,27,0,0.005340417571265167
W_N_0083,8,28,0,0.191957089091504
W_N_0083,8,29,0,0.3125787879929867
W_N_0083,8,30,0,0.029709051480797798
W_N_0083,8,31,0,0.1084974360315208
W_N_0083,8,32,0,0.012970366441471209
W_N_0083,8,33,1,0.45275495662371945
W_N_0083,8,34,0,0.03165412686613973
W_N_0083,8,35,0,0.08842745066516887
W_N_0083,8,36,0,0.02508524851242696
W_N_0083,9,4,1,0.9981158283635023
W_N_0083,9,5,0,0.9993269890581186
W_N_0083,9,6,0,0.011214479473277405
W_N_0083,9,7,0,0.03704932007412171
W_N_0083,9,8,0,0.0018310285805675328
W_N_0083,9,9,0,0.007811413681294376
W_N_0083,9,10,0,0.028966832938891136
W_N_0083,9,11,0,0.05511704996497739
W_N_0083,9,12,0,0.08717826322314613
W_N_0083,9,13,0,0.025438169934553133
W_N_0083,9,14,1,0.6955189495272194
W_N_0083,9,15,0,0.028699761826125228
W_N_0083,9,16,0,0.017649555823215462
W_N_0083,9,17,0,0.9993983354421604
W_N_0083,9,18,0,0.03749472899716195
W_N_0083,9,19,0,0.04972145654655393
W_N_0083,9,20,0,0.01626102958921097
W_N_0083,9,21,0,0.04528976137658137
W_N_0083,9,22,0,0.09632556917181231
W_N_0083,9,23,0,0.9999976973907181
W_N_0083,9,24,0,0.05342310715018718
W_N_0083,9,25,0,0.15775290040071524
W_N_0083,9,26,0,0.056964126119283816
W_N_0083,9,27,0,0.8597936250259464
W_N_0083,9,28,1,0.9970793620084683
W_N_0083,9,29,0,0.03526381196627228
W_N_0083,9,30,0,0.05052202026990384
W_N_0083,9,31,0,0.9979663613765408
W_N_0083,9,32,0,0.007535912917744636
W_N_0083,9,33,0,0.20069757620866926
W_N_0083,9,34,0,0.6622818801966761
W_N_0083,9,35,0,0.03615374529210988
W_N_0083,9,36,0,0.1523448179151247
W_N_0083,9,37,0,0.9984869468776367
W_N_0083,10,4,0,0.9995435964796064
W_N_0083,10,5,0,0.10886619171046548
W_N_0083,10,6,0,0.10285667411365246
W_N_0083,10,7,1,0.08083534018113049
W_N_0083,10,8,0,0.15478156645377492
W_N_0083,10,9,0,0.010644881234227532
W_N_0083,10,10,0,0.04113616300264878
W_N_0083,10,11,0,0.07751144562263584
W_N_0083,10,12,0,0.05609306898113034
W_N_0083,10,13,0,0.6177864189475782
W_N_0083,10,14,0,0.05492250592757987
W_N_0083,10,15,0,0.9969035900776155
W_N_0083,10,16,0,0.006587191056351441
W_N_0083,10,17,0,0.016021952110190644
W_N_0083,10,18,1,0.2893583061600965
W_N_0083,10,19,0,0.03478942002878425
W_N_0083,10,20,0,0.005386950955610263
W_N_0083,10,21,0,0.0101765101206796
W_N_0083,10,22,0,0.4330293758315668
W_N_0083,10,23,0,0.03536138267301912
W_N_0083,10,24,0,0.006972616002360461
W_N_0083,10,25,0,0.027398564936010898
W_N_0083,10,26,0,0.005998325931130415
W_N_0083,10,27,0,0.052436275032113656
W_N_0083,10,28,0,0.11949500855398058
W_N_0083,10,29,0,0.015249860829521929
W_N_0083,10,30,0,0.060905934257967614
W_N_0083,10,31,0,0.061546918606552384
W_N_0083,10,32,0,0.4138047403687809
W_N_0083,10,33,0,0.05630043921218754
W_N_0083,10,34,0,0.06823525139289612
W_N_0083,10,35,0,0.06913093166314223
W_N_0083,10,36,0,0.13392641815376113
W_N_0083,10,37,0,0.004707529762519106
W_N_0083,10,38,0,0.11798632700179389
W_N_0083,11,3,0,0.6225111977437681
W_N_0083,11,4,0,0.8649001580107508
W_N_0083,11,5,0,0.019875658170446696
W_N_0083,11,6,0,0.1918247361327852
W_N_0083,11,7,0,0.04637671607434439
W_N_0083,11,8,0,0.007761824766014285
W_N_0083,11,9,0,0.009338428196046307
W_N_0083,11,10,0,0.29191299991486414
W_N_0083,11,11,0,0.02867854339394614
W_N_0083,11,12,0,0.009968154893342688
W_N_0083,11,13,0,0.011016589865530304
W_N_0083,11,14,0,0.008895454188076364
W_N_0083,11,15,0,0.0033743008309944996
W_N_0083,11,16,0,0.34263898631797723
W_N_0083,11,17,0,0.013076828314357076
W_N_0083,11,18,0,0.9943139970002051
W_N_0083,11,19,0,0.9965494288916922
W_N_0083,11,20,0,0.12463304081742768
W_N_0083,11,21,0,0.005265550882407536
W_N_0083,11,22,0,0.08345081455685441
W_N_0083,11,23,0,0.03984364058364992
W_N_0083,11,24,0,0.9984511321897308
W_N_0083,11,25,0,0.24660325388586893
W_N_0083,11,26,0,0.043957376145485866
W_N_0083,11,27,0,0.07197801643518918
W_N_0083,11,28,0,0.05282124305598712
W_N_0083,11,29,0,0.19351409809161582
W_N_0083,11,30,0,0.006088302391904555
W_N_0083,11,31,0,0.3826366093491617
W_N_0083,11,32,0,0.012069843829070443
W_N_0083,11,33,0,0.20197611191859502
W_N_0083,11,34,0,0.063338711402879
W_N_0083,11,35,0,0.3932409947070487
W_N_0083,11,36,1,0.979373529040195
W_N_0083,11,37,0,0.36552504184327284
W_N_0083,11,38,0,0.9885187568485791
W_N_0083,12,3,1,0.373858033106308
W_N_0083,12,4,0,0.0434083550902136
W_N_0083,12,5,0,0.02715066295977524
W_N_0083,12,6,0,0.012804528046370145
W_N_0083,12,7,0,0.020431668084567176
W_N_0083,12,8,0,0.024699626055833823
W_N_0083,12,9,0,0.01760910666242407
W_N_0083,12,10,0,0.0057407255765499566
W_N_0083,12,11,0,0.016996691868918584
W_N_0083,12,12,0,0.015739932453282795
W_N_0083,12,13,0,0.02150152281596684
W_N_0083,12,14,0,0.14663439706005957
W_N_0083,12,15,0,0.32097122642336445
W_N_0083,12,16,0,0.01061898459352258
W_N_0083,12,17,0,0.07573863594017209
W_N_0083,12,18,0,0.008303718506613303
W_N_0083,12,19,0,0.9972174283594131
W_N_0083,12,20,0,0.016483533516303776
W_N_0083,12,21,0,0.24238367620702417
W_N_0083,12,22,0,0.002515916220528545
W_N_0083,12,23,0,0.16616834927967866
W_N_0083,12,24,0,0.008602683638748778
W_N_0083,12,25,0,0.017163526069534092
W_N_0083,12,26,0,0.45326507515360026
W_N_0083,12,27,0,0.17793910586519476
W_N_0083,12,28,0,0.06398167783326245
W_N_0083,12,29,0,0.9999246478601079
W_N_0083,12,30,0,0.01092969252722953
W_N_0083,12,31,1,0.3416514737829433
W_N_0083,12,32,0,0.011744523252991343
W_N_0083,12,33,0,0.017072251820199315
W_N_0083,12,34,0,0.019076478607507195
W_N_0083,12,35,0,0.3563917651581358
W_N_0083,12,36,0,0.21686814923763126
W_N_0083,12,37,0,0.01827382048943959
W_N_0083,12,38,0,0.0022061877814974025
W_N_0083,12,39,1,0.06250457008590114
W_N_0083,13,2,1,0.9957060390176343
W_N_0083,13,3,0,0.05680517777710073
W_N_0083,13,4,0,0.08090035694844902
W_N_0083,13,5,0,0.0122039333950232
W_N_0083,13,6,0,0.01863093752566217
W_N_0083,13,7,0,0.09501396409611594
W_N_0083,13,8,1,0.9990588010100122
W_N_0083,13,9,0,0.119308104148997
W_N_0083,13,10,0,0.19972323998143338
W_N_0083,13,11,0,0.10250594012197375
W_N_0083,13,12,0,0.011683431269803911
W_N_0083,13,13,0,0.46746368412470996
W_N_0083,13,14,0,0.007370286638811656
W_N_0083,13,15,0,0.006653565297950048
W_N_0083,13,16,0,0.004213187059579419
W_N_0083,13,17,0,0.016779913297571638
W_N_0083,13,18,0,0.006391224554312211
W_N_0083,13,19,0,0.022308870218532756
W_N_0083,13,20,0,0.08003269808984152
W_N_0083,13,21,0,0.05904412090894321
W_N_0083,13,22,0,0.03753090932175814
W_N_0083,13,23,0,0.5048932656205429
W_N_0083,13,24,0,0.04626915507278802
W_N_0083,13,25,0,0.9998399808426938
W_N_0083,13,26,0,0.007521812928571749
W_N_0083,13,27,0,0.0005774354842452848
W_N_0083,13,28,0,0.01140654191071803
W_N_0083,13,29,0,0.05602900932688086
W_N_0083,13,30,0,0.4288098270541293
W_N_0083,13,31,0,0.006718607380967536
W_N_0083,13,32,0,0.014133001261431197
W_N_0083,13,33,0,0.006007057751109082
W_N_0083,13,34,0,0.007241075748045996
W_N_0083,13,35,0,0.03842091322458564
W_N_0083,13,36,0,0.024395896912354838
W_N_0083,13,37,0,0.1320032239365846
W_N_0083,13,38,0,0.006814299979775961
W_N_0083,13,39,0,0.023910035093422242
W_N_0083,14,2,0,0.18665601434439982
W_N_0083,14,3,0,0.062164540980976124
W_N_0083,14,4,0,0.02377146784616295
W_N_0083,14,5,0,0.006777486337784004
W_N_0083,14,6,0,0.1389875860873174
W_N_0083,14,7,0,0.0061647371847068306
W_N_0083,14,8,0,0.025588862860607905
W_N_0083,14,9,0,0.21819761601504345
W_N_0083,14,10,0,0.005913823659984071
W_N_0083,14,11,0,0.0051786707718038776
W_N_0083,14,12,0,0.05089921902875801
W_N_0083,14,13,0,0.027958079639148894
W_N_0083,14,14,0,0.005783855122479362
W_N_0083,14,15,1,0.7400551458159201
W_N_0083,14,16,1,0.8961574786524913
W_N_0083,14,17,0,0.034403933293255126
W_N_0083,14,18,0,0.047709155054971815
W_N_0083,14,19,0,0.002968678520521279
W_N_0083,14,20,0,0.015513797596337588
W_N_0083,14,21,0,0.1262990251607916
W_N_0083,14,22,0,0.01598191410761939
W_N_0083,14,23,0,0.4468466127010773
W_N_0083,14,24,0,0.6602224158650631
W_N_0083,14,25,0,0.18422328690993686
W_N_0083,14,26,0,0.9992612112623883
W_N_0083,14,27,0,0.08422301535514731
W_N_0083,14,28,0,0.021878339874747774
W_N_0083,14,29,0,0.026335626999345687
W_N_0083,14,30,0,0.3381660556507721
W_N_0083,14,31,1,0.9903587987549123
W_N_0083,14,32,0,0.004184160503037637
W_N_0083,14,33,0,0.05126347183027242
W_N_0083,14,34,0,0.14627734092078082
W_N_0083,14,35,0,0.003771441925198352
W_N_0083,14,36,0,0.006368367214519062
W_N_0083,14,37,0,0.24598082832240317
W_N_0083,14,38,0,0.8915828190819476
W_N_0083,14,39,0,0.7000519288095007
W_N_0083,14,40,0,0.9978560518562269
W_N_0083,15,1,0,0.030921706411860594
W_N_0083,15,2,0,0.033659116571253735
W_N_0083,15,3,1,0.9125477588292378
W_N_0083,15,4,0,0.04816574298117843
W_N_0083,15,5,0,0.02243566333020926
W_N_0083,15,6,0,0.015481333761649929
W_N_0083,15,7,1,0.07885268636147413
W_N_0083,15,8,0,0.48389876294031775
W_N_0083,15,9,0,0.005882197695534213
W_N_0083,15,10,0,0.010688468574316103
W_N_0083,15,11,0,0.12603788616438372
W_N_0083,15,12,0,0.03237093951321464
W_N_0083,15,13,0,0.006647599454286017
W_N_0083,15,14,0,0.17606456127994016
W_N_0083,15,15,0,0.009671696460439362
W_N_0083,15,16,0,0.1862027391760361
W_N_0083,15,17,0,0.045281649236206915
W_N_0083,15,18,0,0.06361021347455205
W_N_0083,15,19,0,0.038528259078134675
W_N_0083,15,20,0,0.09869371180962808
W_N_0083,15,21,0,0.005116158226838845
W_N_0083,15,22,0,0.03137862643525718
W_N_0083,15,23,0,0.07592508765018893
W_N_0083,15,24,0,0.013785416503794463
W_N_0083,15,25,0,0.2704042353420742
W_N_0083,15,26,0,0.014389745313671784
W_N_0083,15,27,0,0.004020102930784399
W_N_0083,15,28,0,0.02836904729459971
W_N_0083,15,29,0,0.04561579198617759
W_N_0083,15,30,0,0.019565169563758963
W_N_0083,15,31,0,0.014298316346123774
W_N_0083,15,32,0,0.023483725569708097
W_N_0083,15,33,0,0.04480568214707346
W_N_0083,15,34,0,0.09706573678739802
W_N_0083,15,35,0,0.10345534017851374
W_N_0083,15,36,0,0.4127149782472635
W_N_0083,15,37,0,0.2616105041858444
W_N_0083,15,38,0,0.97039590475507
W_N_0083,15,39,1,0.9999511846742116
W_N_0083,15,40,0,0.019781707138861366
W_N_0083,16,1,0,0.21404708477927187
W_N_0083,16,2,0,0.07894374485156007
W_N_0083,16,3,0,0.025336723536362453
W_N_0083,16,4,0,0.23099414931457346
W_N_0083,16,5,0,0.4261824942958586
W_N_0083,16,6,0,0.14332281325176943
W_N_0083,16,7,0,0.2713175062026302
W_N_0083,16,8,0,0.008960544952054117
W_N_0083,16,9,0,0.01068516721558013
W_N_0083,16,10,0,0.06360741224244958
W_N_0083,16,11,0,0.08615198579403008
W_N_0083,16,12,0,0.1597166702938955
W_N_0083,16,13,0,0.047790938406910524
W_N_0083,16,14,0,0.02892595348302878
W_N_0083,16,15,0,0.09890865633964092
W_N_0083,16,16,0,0.09482329829993892
W_N_0083,16,17,0,0.033320148854542285
W_N_0083,16,18,1,0.9984246358064145
W_N_0083,16,19,0,0.006725983266414735
W_N_0083,16,20,0,0.02435882385338947
W_N_0083,16,21,0,0.07778215601441182
W_N_0083,16,22,0,0.014901461606152196
W_N_0083,16,23,0,0.013817124992895833
W_N_0083,16,24,0,0.025897202914804168
W_N_0083,16,25,0,0.007706979334103151
W_N_0083,16,26,0,0.9991178983333441
W_N_0083,16,27,0,0.10835556551635672
W_N_0083,16,28,0,0.002398690876696165
W_N_0083,16,29,0,0.022768734554738643
W_N_0083,16,30,0,0.06056673880785533
W_N_0083,16,31,0,0.0510906184437295
W_N_0083,16,32,0,0.0034229899932209998
W_N_0083,16,33,0,0.050858305130919795
W_N_0083,16,34,0,0.02121121250737034
W_N_0083,16,35,0,0.6986151386279119
W_N_0083,16,36,0,0.02330897149397473
W_N_0083,16,37,0,0.10232763569666789
W_N_0083,16,38,1,0.15307429573005668
W_N_0083,16,39,0,0.007570791391170749
W_N_0083,16,40,0,0.460025618520666
W_N_0083,17,1,0,0.11177735831964863
W_N_0083,17,2,0,0.09755352309707607
W_N_0083,17,3,0,0.026186288715411794
W_N_0083,17,4,0,0.005735666327801646
W_N_0083,17,5,0,0.018707986012052785
W_N_0083,17,6,0,0.006638614722946409
W_N_0083,17,7,0,0.9976425376852007
W_N_0083,17,8,0,0.014206928969283725
W_N_0083,17,9,0,0.20634233273075447
W_N_0083,17,10,0,0.010536607573433152
W_N_0083,17,11,0,0.05046069609544442
W_N_0083,17,12,0,0.010073474454931463
W_N_0083,17,13,0,0.23636084518902858
W_N_0083,17,14,0,0.23889131245306394
W_N_0083,17,15,0,0.10807304284107952
W_N_0083,17,16,0,0.05006171431499926
W_N_0083,17,17,0,0.05644625832811865
W_N_0083,17,18,0,0.00857297832997597
W_N_0083,17,19,0,0.025213858546629404
W_N_0083,17,20,0,0.11929817121216331
W_N_0083,17,21,0,0.008034520197223116
W_N_0083,17,22,0,0.9394439825312061
W_N_0083,17,23,0,0.07723994020448462
W_N_0083,17,24,0,0.005794359552302393
W_N_0083,17,25,0,0.0025052189786983338
W_N_0083,17,26,0,0.02519172122081191
W_N_0083,17,27,1,0.9991293220540088
W_N_0083,17,28,0,0.07700433884734466
W_N_0083,17,29,0,0.10047593020272183
W_N_0083,17,30,0,0.013209476594317654
W_N_0083,17,31,0,0.021769509869138403
W_N_0083,17,32,0,0.07340248086985048
W_N_0083,17,33,0,0.040260840223903055
W_N_0083,17,34,0,0.0672305996890026
W_N_0083,17,35,0,0.014259621107162428
W_N_0083,17,36,0,0.0081406764927744
W_N_0083,17,37,0,0.019800313286329026
W_N_0083,17,38,1,0.25195925693303584
W_N_0083,17,39,0,0.04280172399836358
W_N_0083,17,40,0,0.1056841411119851
W_N_0083,17,41,0,0.02830776469304367
W_N_0083,18,1,1,0.27070647942767956
W_N_0083,18,2,0,0.010002787679140271
W_N_0083,18,3,0,0.01699242568610481
W_N_0083,18,4,0,0.2029003535327895
W_N_0083,18,5,0,0.08162763796391422
W_N_0083,18,6,0,0.010362748921190214
W_N_0083,18,7,0,0.009494698797139732
W_N_0083,18,8,0,0.016303715355969868
W_N_0083,18,9,0,0.014725016151625057
W_N_0083,18,10,0,0.06998459163946913
W_N_0083,18,11,0,0.010042482833778284
W_N_0083,18,12,0,0.045896684278950904
W_N_0083,18,13,1,0.5133511560117896
W_N_0083,18,14,0,0.051078631815664285
W_N_0083,18,15,0,0.006355781029010988
W_N_0083,18,16,0,0.1310737900594269
W_N_0083,18,17,0,0.003961530588458611
W_N_0083,18,18,0,0.007185663034127674
W_N_0083,18,19,0,0.07708117102803735
W_N_0083,18,20,0,0.031095720873143228
W_N_0083,18,21,0,0.05324493554381178
W_N_0083,18,22,0,0.013396696613296025
W_N_0083,18,23,0,0.03568778535699746
W_N_0083,18,24,0,0.1254995630405447
W_N_0083,18,25,0,0.011418865394454058
W_N_0083,18,26,0,0.09166304898209685
W_N_0083,18,27,0,0.04249629455513294
W_N_0083,18,28,0,0.6487983750292908
W_N_0083,18,29,0,0.040305385538711824
W_N_0083,18,30,0,0.0009594962807311659
W_N_0083,18,31,0,0.020826286486182344
W_N_0083,18,32,0,0.00818102736217189
W_N_0083,18,33,0,0.0015073452030758359
W_N_0083,18,34,0,0.010948943004106319
W_N_0083,18,35,0,0.11231401639474249
W_N_0083,18,36,0,0.10323426086002839
W_N_0083,18,37,0,0.03579125070080964
W_N_0083,18,38,0,0.05203127726551454
W_N_0083,18,39,0,0.050357268912186955
W_N_0083,18,40,0,0.007453077713869385
W_N_0083,18,41,0,0.2098630780531735
W_N_0083,19,0,0,0.01467367300742416
W_N_0083,19,1,0,0.06524426933328906
W_N_0083,19,2,0,0.3977625207230401
W_N_0083,19,3,0,0.20302256560279544
W_N_0083,19,4,0,0.04023253731306455
W_N_0083,19,5,0,0.06850837455772217
W_N_0083,19,6,0,0.076244770645809
W_N_0083,19,7,0,0.13581487765384
W_N_0083,19,8,0,0.00308990481411607
W_N_0083,19,9,0,0.011694694064360677
W_N_0083,19,10,0,0.01991898438754055
W_N_0083,19,11,0,0.020303292110009936
W_N_0083,19,12,0,0.1128097981387345
W_N_0083,19,13,0,0.06961580596765404
W_N_0083,19,14,1,0.9987663337236022
W_N_0083,19,15,0,0.15437229694348345
W_N_0083,19,16,0,0.09138648412770824
W_N_0083,19,17,0,0.07575887624191267
W_N_0083,19,18,0,0.039281156114216544
W_N_0083,19,19,0,0.023020041818632302
W_N_0083,19,20,0,0.005158405375793428
W_N_0083,19,21,0,0.12169181809826202
W_N_0083,19,22,0,0.08314368901447454
W_N_0083,19,23,0,0.008792302225602597
W_N_0083,19,24,0,0.1811023517439663
W_N_0083,19,25,0,0.013578946206494028
W_N_0083,19,26,0,0.08689198318301816
W_N_0083,19,27,0,0.01854567141510172
W_N_0083,19,28,0,0.010291752656659032
W_N_0083,19,29,0,0.018262786504281543
W_N_0083,19,30,0,0.01616443599309161
W_N_0083,19,31,0,0.003452613407481555
W_N_0083,19,32,0,0.059577024553038226
W_N_0083,19,33,0,0.011544466259162233
W_N_0083,19,34,0,0.7027235705148713
W_N_0083,19,35,0,0.02237349387550347
W_N_0083,19,36,0,0.09068634121418492
W_N_0083,19,37,0,0.1037826854888973
W_N_0083,19,38,0,0.30841364100551827
W_N_0083,19,39,0,0.005077476760790355
W_N_0083,19,40,1,0.4113328362227538
W_N_0083,19,41,0,0.01592236255767545
W_N_0083,20,0,0,0.010918820287023394
W_N_0083,20,1,0,0.16640020971399036
W_N_0083,20,2,0,0.009427942840550022
W_N_0083,20,3,1,0.02084734302731946
W_N_0083,20,4,0,0.2255710512666158
W_N_0083,20,5,0,0.010080919810437674
W_N_0083,20,6,0,0.05550020099742138
W_N_0083,20,7,0,0.058187929644060325
W_N_0083,20,8,0,0.15462696304563153
W_N_0083,20,9,0,0.03326196672815926
W_N_0083,20,10,0,0.04626996802419707
W_N_0083,20,11,0,0.01974959384455887
W_N_0083,20,12,0,0.08885717480200232
W_N_0083,20,13,0,0.16378262560957432
W_N_0083,20,14,0,0.06662253252293684
W_N_0083,20,15,0,0.007050020097166599
W_N_0083,20,16,1,0.03453238336373008
W_N_0083,20,17,0,0.019770993997656094
W_N_0083,20,18,0,0.01251513028501706
W_N_0083,20,19,1,0.18536110696444036
W_N_0083,20,20,0,0.36047890726924126
W_N_0083,20,21,0,0.14172861848960894
W_N_0083,20,22,0,0.015464336377042023
W_N_0083,20,23,0,0.028406186397761313
W_N_0083,20,24,0,0.094446772834136
W_N_0083,20,25,0,0.05600035536464821
W_N_0083,20,26,0,0.01057861267799191
W_N_0083,20,27,0,0.01492935807122393
W_N_0083,20,28,0,0.006039752432909437
W_N_0083,20,29,0,0.0183645833104287
W_N_0083,20,30,0,0.026959224291568745
W_N_0083,20,31,0,0.019283182791529168
W_N_0083,20,32,0,0.05616522034601881
W_N_0083,20,33,0,0.038483795776671534
W_N_0083,20,34,0,0.004227447839314753
W_N_0083,20,35,0,0.006309340556654913
W_N_0083,20,36,0,0.4058501052424491
W_N_0083,20,37,0,0.03332515711102047
W_N_0083,20,38,0,0.09131701735263073
W_N_0083,20,39,0,0.029712185573024193
W_N_0083,20,40,0,0.9998293851464525
W_N_0083,20,41,0,0.08030271453106179
W_N_0083,21,0,0,0.01630111966378985
W_N_0083,21,1,1,0.999900577438922
W_N_0083,21,2,0,0.21136314115561414
W_N_0083,21,3,0,0.008540847263133417
W_N_0083,21,4,0,0.34613393086019867
W_N_0083,21,5,0,0.12268931272106817
W_N_0083,21,6,0,0.038392997703253454
W_N_0083,21,7,0,0.01909562902257888
W_N_0083,21,8,0,0.07289691525727321
W_N_0083,21,9,0,0.04266970679072415
W_N_0083,21,10,0,0.02191651942310749
W_N_0083,21,11,0,0.006615029922567313
W_N_0083,21,12,0,0.13389436688811696
W_N_0083,21,13,0,0.002298732035538719
W_N_0083,21,14,0,0.03174735338366717
W_N_0083,21,15,0,0.03020649333931819
W_N_0083,21,16,0,0.0033057148882191384
W_N_0083,21,17,0,0.011636627072125942
W_N_0083,21,18,0,0.07494618437842276
W_N_0083,21,19,0,0.011059155501763307
W_N_0083,21,20,0,0.29192655480063384
W_N_0083,21,21,0,0.05367970678481574
W_N_0083,21,22,0,0.02221970006168044
W_N_0083,21,23,0,0.05371758499405495
W_N_0083,21,24,0,0.011004645642058697
W_N_0083,21,25,1,0.05912858449029818
W_N_0083,21,26,0,0.018042495128166237
W_N_0083,21,27,0,0.0183903636890326
W_N_0083,21,28,0,0.010083139593654613
W_N_0083,21,29,0,0.013629643131123987
W_N_0083,21,30,0,0.6601581083883712
W_N_0083,21,31,0,0.1516989101921881
W_N_0083,21,32,0,0.01825879368265202
W_N_0083,21,33,0,0.4549490658230038
W_N_0083,21,34,0,0.10525560531937024
W_N_0083,21,35,0,0.4300662656386436
W_N_0083,21,36,0,0.029633804037562893
W_N_0083,21,37,0,0.008750102477514699
W_N_0083,21,38,0,0.06256357158244938
W_N_0083,21,39,0,0.11985820567476452
W_N_0083,21,40,0,0.2938247460001319
W_N_0083,21,41,0,0.999000708786475
W_N_0083,22,0,0,0.0641887252850217
W_N_0083,22,1,0,0.03496920698184538
W_N_0083,22,2,0,0.0027804305622024053
W_N_0083,22,3,0,0.09191112961520405
W_N_0083,22,4,0,0.03604830962935665
W_N_0083,22,5,0,0.0265736614756938
W_N_0083,22,6,0,0.11157108004624051
W_N_0083,22,7,0,0.007845199434519234
W_N_0083,22,8,0,0.11585780063967571
W_N_0083,22,9,0,0.28603046280458344
W_N_0083,22,10,0,0.17400741138152
W_N_0083,22,11,0,0.029762914480247305
W_N_0083,22,12,0,0.0183803220055842
W_N_0083,22,13,0,0.5439786193840243
W_N_0083,22,14,0,0.03862058802482651
W_N_0083,22,15,0,0.1105272797951457
W_N_0083,22,16,0,0.004493623889187064
W_N_0083,22,17,0,0.004818081098394188
W_N_0083,22,18,0,0.0187333329761584
W_N_0083,22,19,0,0.09870016210779711
W_N_0083,22,20,0,0.025202678108689668
W_N_0083,22,21,0,0.03171316185095785
W_N_0083,22,22,0,0.017514012090143864
W_N_0083,22,23,0,0.0016365282844884182
W_N_0083,22,24,0,0.03121954835218732
W_N_0083,22,25,0,0.019495398504889693
W_N_0083,22,26,0,0.0038564200326479704
W_N_0083,22,27,0,0.4493593625279202
W_N_0083,22,28,0,0.24420066641815386
W_N_0083,22,29,0,0.05383764960959583
W_N_0083,22,30,1,0.9911420434905643
W_N_0083,22,31,0,0.020361891894366282
W_N_0083,22,32,0,0.9995113819547429
W_N_0083,22,33,0,0.056765913277175
W_N_0083,22,34,0,0.0034929182234984413
W_N_0083,22,35,0,0.5068316563243384
W_N_0083,22,36,0,0.022013479498780915
W_N_0083,22,37,0,0.0047103747606004245
W_N_0083,22,38,0,0.06769176063608591
W_N_0083,22,39,0,0.026608567131592
W_N_0083,22,40,0,0.20242970100674423
W_N_0083,22,41,0,0.11600302312433432
W_N_0083,23,0,0,0.12136090020330705
W_N_0083,23,1,1,0.3873865524303273
W_N_0083,23,2,0,0.02350265247753335
W_N_0083,23,3,0,0.03353434876677553
W_N_0083,23,4,0,0.10123378342585251
W_N_0083,23,5,0,0.13501763337214534
W_N_0083,23,6,0,0.022976759128517397
W_N_0083,23,7,0,0.014411829543280854
W_N_0083,23,8,0,0.005648510558517756
W_N_0083,23,9,0,0.019368652514128358
W_N_0083,23,10,0,0.18858656922417577
W_N_0083,23,11,0,0.022437509162718625
W_N_0083,23,12,0,0.038908356847096426
W_N_0083,23,13,0,0.015701723072952232
W_N_0083,23,14,0,0.48795493855670974
W_N_0083,23,15,0,0.14591799126176358
W_N_0083,23,16,0,0.9633247705852658
W_N_0083,23,17,0,0.02571909741352097
W_N_0083,23,18,0,0.9891846405859045
W_N_0083,23,19,0,0.3117683864962474
W_N_0083,23,20,0,0.005209659327028694
W_N_0083,23,21,0,0.04043347316162244
W_N_0083,23,22,0,0.0018482677658647724
W_N_0083,23,23,0,0.1171324244819501
W_N_0083,23,24,0,0.12439624780827936
W_N_0083,23,25,0,0.08598941128731893
W_N_0083,23,26,0,0.004008068039813747
W_N_0083,23,27,0,0.34952350025807205
W_N_0083,23,28,0,0.00838230370674144
W_N_0083,23,29,0,0.030973079960960118
W_N_0083,23,30,0,0.05648376205114831
W_N_0083,23,31,0,0.26095662377055945
W_N_0083,23,32,0,0.03456526452861099
W_N_0083,23,33,1,0.999598733484613
W_N_0083,23,34,0,0.03557371428121293
W_N_0083,23,35,0,0.0037998699952545892
W_N_0083,23,36,0,0.012636792625442159
W_N_0083,23,37,0,0.024106164013882152
W_N_0083,23,38,0,0.00865871606398366
W_N_0083,23,39,0,0.007599515057280564
W_N_0083,23,40,0,0.006554160327247576
W_N_0083,23,41,0,0.0943595754780896
W_N_0083,24,0,1,0.32611991802953
W_N_0083,24,1,0,0.12084642625320048
W_N_0083,24,2,0,0.06822152671193678
W_N_0083,24,3,0,0.10223408620534073
W_N_0083,24,4,0,0.3158602560538406
W_N_0083,24,5,0,0.23872810964355215
W_N_0083,24,6,0,0.016943396752806518
W_N_0083,24,7,0,0.019476619616465976
W_N_0083,24,8,0,0.06399198458416619
W_N_0083,24,9,0,0.022833239969195864
W_N_0083,24,10,0,0.13233505219311884
W_N_0083,24,11,0,0.25480128681469305
W_N_0083,24,12,0,0.9981936738336441
W_N_0083,24,13,0,0.09106650054317394
W_N_0083,24,14,0,0.020623721951195637
W_N_0083,24,15,0,0.008663682752008578
W_N_0083,24,16,0,0.10773951342942875
W_N_0083,24,17,0,0.011399582639452146
W_N_0083,24,18,0,0.004808552479240653
W_N_0083,24,19,0,0.0033926404938710037
W_N_0083,24,20,1,0.2774943150205467
W_N_0083,24,21,0,0.10097069690028702
W_N_0083,24,22,0,0.16845244821351077
W_N_0083,24,23,0,0.019598137624241396
W_N_0083,24,24,0,0.04462521036102815
W_N_0083,24,25,0,0.05882531099480022
W_N_0083,24,26,0,0.11407367125403944
W_N_0083,24,27,0,0.0263422897881224
W_N_0083,24,28,0,0.19020801017499792
W_N_0083,24,29,0,0.0027167891445846444
W_N_0083,24,30,0,0.021259205244181855
W_N_0083,24,31,0,0.0103541469744654
W_N_0083,24,32,0,0.017231605154115964
W_N_0083,24,33,0,0.06933754984146152
W_N_0083,24,34,0,0.95504700971179
W_N_0083,24,35,0,0.14424860476706025
W_N_0083,24,36,0,0.014901958789127746
W_N_0083,24,37,0,0.15909749672715365
W_N_0083,24,38,0,0.22165500446525283
W_N_0083,24,39,0,0.015155453164994547
W_N_0083,24,40,0,0.006657135058178796
W_N_0083,24,41,0,0.2573824973437785
W_N_0083,25,0,0,0.9988576817158074
W_N_0083,25,1,0,0.013226319678839195
W_N_0083,25,2,0,0.01120832886527768
W_N_0083,25,3,0,0.0036724361104964586
W_N_0083,25,4,0,0.0017619667871280513
W_N_0083,25,5,0,0.025310320896314346
W_N_0083,25,6,0,0.3328901320731744
W_N_0083,25,7,0,0.069206508947243
W_N_0083,25,8,0,0.472286545660098
W_N_0083,25,9,0,0.013313173291429094
W_N_0083,25,10,0,0.12340362756780258
W_N_0083,25,11,0,0.1698577025425472
W_N_0083,25,12,0,0.9940598894729135
W_N_0083,25,13,0,0.07763945861147135
W_N_0083,25,14,0,0.030201467367704987
W_N_0083,25,15,0,0.010139011905045296
W_N_0083,25,16,0,0.044080668518850195
W_N_0083,25,17,0,0.015514974330667399
W_N_0083,25,18,0,0.23428904872158182
W_N_0083,25,19,0,0.05586551233399167
W_N_0083,25,20,0,0.03906124416419114
W_N_0083,25,21,0,0.0014508947414084612
W_N_0083,25,22,0,0.06736483860284725
W_N_0083,25,23,0,0.01776179931987232
W_N_0083,25,24,0,0.06300374739063708
W_N_0083,25,25,0,0.0034463490225321667
W_N_0083,25,26,0,0.05428406332509201
W_N_0083,25,27,0,0.005153020233276326
W_N_0083,25,28,0,0.01022179321582815
W_N_0083,25,29,0,0.05997487278787523
W_N_0083,25,30,0,0.11185360075594496
W_N_0083,25,31,0,0.17222832326059115
W_N_0083,25,32,0,0.14036877641622209
W_N_0083,25,33,0,0.024957886143314664
W_N_0083,25,34,0,0.09700456140762911
W_N_0083,25,35,0,0.041527940504929306
W_N_0083,25,36,0,0.015219780673609783
W_N_0083,25,37,0,0.025603700320554267
W_N_0083,25,38,0,0.027817693415045818
W_N_0083,25,39,0,0.06042610052384703
W_N_0083,25,40,0,0.022432311819723733
W_N_0083,25,41,0,0.012536509190071573
W_N_0083,26,0,0,0.019149258921732696
W_N_0083,26,1,0,0.19701294903307312
W_N_0083,26,2,0,0.0477714619820713
W_N_0083,26,3,0,0.004600475863888135
W_N_0083,26,4,0,0.006532849237717358
W_N_0083,26,5,0,0.0018107137511582556
W_N_0083,26,6,0,0.0198225777814922
W_N_0083,26,7,0,0.40594267680551904
W_N_0083,26,8,0,0.15570234263345595
W_N_0083,26,9,0,0.04929092746779615
W_N_0083,26,10,0,0.011790699967630396
W_N_0083,26,11,0,0.006288522935962821
W_N_0083,26,12,0,0.047592568565704534
W_N_0083,26,13,0,0.02145838451405699
W_N_0083,26,14,0,0.04430813948594047
W_N_0083,26,15,0,0.005018357138046909
W_N_0083,26,16,0,0.005812186273957538
W_N_0083,26,17,0,0.0038767915334334707
W_N_0083,26,18,0,0.0064891051879877775
W_N_0083,26,19,0,0.02381306756675539
W_N_0083,26,20,0,0.02035617132456138
W_N_0083,26,21,0,0.03836773629955904
W_N_0083,26,22,0,0.008693405642886553
W_N_0083,26,23,0,0.033209095229241446
W_N_0083,26,24,0,0.0528786964961101
W_N_0083,26,25,0,0.02734481543879241
W_N_0083,26,26,0,0.004093021807424639
W_N_0083,26,27,0,0.017060896160463402
W_N_0083,26,28,0,0.09638023080261485
W_N_0083,26,29,0,0.010533427397601092
W_N_0083,26,30,0,0.012195700974496737
W_N_0083,26,31,0,0.6795138254990455
W_N_0083,26,32,0,0.9949675953770398
W_N_0083,26,33,0,0.002392556647166753
W_N_0083,26,34,0,0.010251275695946329
W_N_0083,26,35,0,0.256209683381122
W_N_0083,26,36,0,0.010826638140538455
W_N_0083,26,37,0,0.06758073114533018
W_N_0083,26,38,0,0.15300152266562053
W_N_0083,26,39,0,0.06248993801096422
W_N_0083,26,40,0,0.02231543624723403
W_N_0083,26,41,0,0.004320017313495931
W_N_0083,27,1,0,0.027865938997395052
W_N_0083,27,2,0,0.02506892455376465
W_N_0083,27,3,0,0.11564847568797582
W_N_0083,27,4,0,0.9772138256041561
W_N_0083,27,5,0,0.01710450436243381
W_N_0083,27,6,1,0.22869073813143684
W_N_0083,27,7,0,0.08504336225066068
W_N_0083,27,8,0,0.4124433002118478
W_N_0083,27,9,0,0.1373132864707552
W_N_0083,27,10,1,0.32817994199262296
W_N_0083,27,11,0,0.005504985964497288
W_N_0083,27,12,0,0.02620737994148326
W_N_0083,27,13,0,0.03597207746471399
W_N_0083,27,14,0,0.006857265396408743
W_N_0083,27,15,0,0.2397561206885384
W_N_0083,27,16,0,0.08654614650637453
W_N_0083,27,17,0,0.004706559769639868
W_N_0083,27,18,0,0.1612695323401891
W_N_0083,27,19,0,0.002521294671356049
W_N_0083,27,20,0,0.18291006849031408
W_N_0083,27,21,0,0.1138601774707537
W_N_0083,27,22,0,0.007927238220159004
W_N_0083,27,23,0,0.15165103517496892
W_N_0083,27,24,0,0.2586290111280773
W_N_0083,27,25,0,0.11705287330772365
W_N_0083,27,26,0,0.009075311142993167
W_N_0083,27,27,0,0.4422308481791709
W_N_0083,27,28,0,0.28569099096685346
W_N_0083,27,29,1,0.9995960065728665
W_N_0083,27,30,0,0.019460837995655258
W_N_0083,27,31,0,0.18328073511730392
W_N_0083,27,32,0,0.0030636039054534043
W_N_0083,27,33,0,0.1586568433171636
W_N_0083,27,34,0,0.002207991772367088
W_N_0083,27,35,0,0.012392228449571583
W_N_0083,27,36,0,0.9942329634386146
W_N_0083,27,37,0,0.060348576619904094
W_N_0083,27,38,0,0.08842485829108405
W_N_0083,27,39,0,0.014164397023182682
W_N_0083,27,40,0,0.01574759207704555
W_N_0083,27,41,0,0.06590573894422347
W_N_0083,28,1,0,0.017758535862384562
W_N_0083,28,2,0,0.012066726083388438
W_N_0083,28,3,0,0.2550941241635376
W_N_0083,28,4,0,0.006623810625066881
W_N_0083,28,5,0,0.018756325527074517
W_N_0083,28,6,0,0.06093836263884667
W_N_0083,28,7,0,0.16512876275953678
W_N_0083,28,8,0,0.03235242497443858
W_N_0083,28,9,0,0.05740984819999117
W_N_0083,28,10,0,0.905448777667129
W_N_0083,28,11,0,0.08147724744395096
W_N_0083,28,12,0,0.03874851556610391
W_N_0083,28,13,0,0.13418062769260777
W_N_0083,28,14,0,0.04291745368321802
W_N_0083,28,15,0,0.006682811685433468
W_N_0083,28,16,0,0.018829632672980275
W_N_0083,28,17,0,0.008551896820851874
W_N_0083,28,18,0,0.05856988757349865
W_N_0083,28,19,0,0.44287836275022047
W_N_0083,28,20,0,0.052530802286058276
W_N_0083,28,21,0,0.015298861205938418
W_N_0083,28,22,0,0.04003144321167814
W_N_0083,28,23,0,0.018637033222660068
W_N_0083,28,24,0,0.006257987357515823
W_N_0083,28,25,0,0.051761364896507206
W_N_0083,28,26,0,0.0036478197212373316
W_N_0083,28,27,0,0.0034919009996647855
W_N_0083,28,28,0,0.4215319834790007
W_N_0083,28,29,0,0.055504037628178335
W_N_0083,28,30,1,0.4802194172298469
W_N_0083,28,31,0,0.022407059222759772
W_N_0083,28,32,0,0.0322362844568979
W_N_0083,28,33,0,0.046750832413208925
W_N_0083,28,34,0,0.12536607488139528
W_N_0083,28,35,0,0.010369745878985802
W_N_0083,28,36,0,0.031221270162104145
W_N_0083,28,37,0,0.11589133172114606
W_N_0083,28,38,0,0.04746025111941452
W_N_0083,28,39,0,0.005290261605167741
W_N_0083,28,40,0,0.07972230397897007
W_N_0083,28,41,0,0.2779284359484132
W_N_0083,29,1,0,0.009313537698430923
W_N_0083,29,2,0,0.003896431856820381
W_N_0083,29,3,0,0.9991798178823773
W_N_0083,29,4,0,0.0069005786280452695
W_N_0083,29,5,0,0.01129156887225662
W_N_0083,29,6,0,0.1442389328977629
W_N_0083,29,7,0,0.20738875297267959
W_N_0083,29,8,0,0.08449207646934917
W_N_0083,29,9,0,0.9994792076030496
W_N_0083,29,10,0,0.022065697793983634
W_N_0083,29,11,0,0.007668373624626315
W_N_0083,29,12,0,0.402317364509807
W_N_0083,29,13,0,0.22665286409502405
W_N_0083,29,14,0,0.09551960501787586
W_N_0083,29,15,0,0.005564669222563024
W_N_0083,29,16,0,0.019271480553399938
W_N_0083,29,17,0,0.011128116736609123
W_N_0083,29,18,0,0.30884625811953204
W_N_0083,29,19,0,0.03608749755268277
W_N_0083,29,20,0,0.010550068299130353
W_N_0083,29,21,0,0.014401052771514765
W_N_0083,29,22,0,0.008955050845530076
W_N_0083,29,23,0,0.03615105062497306
W_N_0083,29,24,0,0.06326204241466343
W_N_0083,29,25,0,0.9860401707517785
W_N_0083,29,26,0,0.021165714512849366
W_N_0083,29,27,0,0.048768140125296455
W_N_0083,29,28,0,0.028555124152898667
W_N_0083,29,29,0,0.03099152306395931
W_N_0083,29,30,0,0.17837828303642553
W_N_0083,29,31,0,0.006047148832136807
W_N_0083,29,32,0,0.03424174875016772
W_N_0083,29,33,0,0.13757078331724804
W_N_0083,29,34,0,0.7099142604741671
W_N_0083,29,35,0,0.009296978581947063
W_N_0083,29,36,0,0.006534433922706176
W_N_0083,29,37,0,0.022721544951031
W_N_0083,29,38,0,0.003234905865111608
W_N_0083,29,39,0,0.004770386561312348
W_N_0083,29,40,0,0.014821776291428355
W_N_0083,30,2,0,0.8642960889473746
W_N_0083,30,3,0,0.0072525595945382194
W_N_0083,30,4,0,0.04177991413041413
W_N_0083,30,5,0,0.005096277621951621
W_N_0083,30,6,0,0.011482151925295602
W_N_0083,30,7,0,0.0020867402234618576
W_N_0083,30,8,0,0.01945901978489937
W_N_0083,30,9,0,0.15927339718075378
W_N_0083,30,10,0,0.0016324210986350472
W_N_0083,30,11,0,0.06859250536104584
W_N_0083,30,12,0,0.2222737539580498
W_N_0083,30,13,0,0.09921797653350087
W_N_0083,30,14,0,0.019217287482513168
W_N_0083,30,15,0,0.012291790678467189
W_N_0083,30,16,0,0.307006018960301
W_N_0083,30,17,0,0.012438074457215334
W_N_0083,30,18,0,0.0030862799623785366
W_N_0083,30,19,0,0.004933215835642028
W_N_0083,30,20,0,0.015360800677871237
W_N_0083,30,21,0,0.027440271934987222
W_N_0083,30,22,0,0.011441463495322966
W_N_0083,30,23,0,0.010621504392012248
W_N_0083,30,24,0,0.9348804027239103
W_N_0083,30,25,0,0.013746089938667255
W_N_0083,30,26,0,0.03306918031445544
W_N_0083,30,27,1,0.041471891621891376
W_N_0083,30,28,0,0.013254717801619546
W_N_0083,30,29,0,0.21688446179378815
W_N_0083,30,30,0,0.0075620118839525964
W_N_0083,30,31,0,0.019397301795013366
W_N_0083,30,32,0,0.03905381152029636
W_N_0083,30,33,0,0.005492986234500582
W_N_0083,30,34,0,0.04899773755806086
W_N_0083,30,35,0,0.04693967956241112
W_N_0083,30,36,0,0.06623783389834795
W_N_0083,30,37,0,0.007280800432901624
W_N_0083,30,38,0,0.007319100053365387
W_N_0083,30,39,0,0.03022707737574698
W_N_0083,30,40,0,0.005483317445004114
W_N_0083,31,2,0,0.0016311584240694477
W_N_0083,31,3,0,0.6061124429298178
W_N_0083,31,4,0,0.01900028722495381
W_N_0083,31,5,0,0.009434389874135647
W_N_0083,31,6,0,0.017657428423598055
W_N_0083,31,7,0,0.026460648797665305
W_N_0083,31,8,0,0.04202805696471487
W_N_0083,31,9,0,0.03689158590303113
W_N_0083,31,10,0,0.31186285811821235
W_N_0083,31,11,0,0.056078034838594956
W_N_0083,31,12,0,0.007541416711919679
W_N_0083,31,13,0,0.14570447489767882
W_N_0083,31,14,0,0.999674686306009
W_N_0083,31,15,0,0.10639947502097905
W_N_0083,31,16,0,0.06795837144486395
W_N_0083,31,17,0,0.003634219046891983
W_N_0083,31,18,0,0.0033105568147529804
W_N_0083,31,19,0,0.0004933458239723795
W_N_0083,31,20,0,0.033581464273961255
W_N_0083,31,21,0,0.021950311208099586
W_N_0083,31,22,0,0.023568098776344797
W_N_0083,31,23,0,0.027484855373658017
W_N_0083,31,24,0,0.004818932749905542
W_N_0083,31,25,0,0.0024590127118802995
W_N_0083,31,26,1,0.9994673810325582
W_N_0083,31,27,0,0.03438308852967108
W_N_0083,31,28,0,0.04526174374554625
W_N_0083,31,29,0,0.012111246780087773
W_N_0083,31,30,0,0.003742365009969524
W_N_0083,31,31,0,0.9979798533315463
W_N_0083,31,32,0,0.06649776321243765
W_N_0083,31,33,0,0.004270240735777403
W_N_0083,31,34,0,0.02241712612192108
W_N_0083,31,35,0,0.06491555493012004
W_N_0083,31,36,0,0.1651013973821649
W_N_0083,31,37,0,0.03710366982038088
W_N_0083,31,38,0,0.9962233000081073
W_N_0083,31,39,0,0.11790207598469989
W_N_0083,31,40,0,0.147464734219665
W_N_0083,32,2,0,0.013498417395363232
W_N_0083,32,3,0,0.02390872136062594
W_N_0083,32,4,0,0.14036773893066357
W_N_0083,32,5,0,0.03977004980171449
W_N_0083,32,6,0,0.13618997363722624
W_N_0083,32,7,0,0.007423985201053476
W_N_0083,32,8,0,0.9975689603910488
W_N_0083,32,9,0,0.283373032123521
W_N_0083,32,10,0,0.20371265756518026
W_N_0083,32,11,0,0.6264479231566706
W_N_0083,32,12,1,0.9970270860488482
W_N_0083,32,13,0,0.44948813039367486
W_N_0083,32,14,0,0.0053954213380361
W_N_0083,32,15,0,0.18351431762173087
W_N_0083,32,16,0,0.010553939622007678
W_N_0083,32,17,0,0.011390412464568962
W_N_0083,32,18,0,0.06325361095960567
W_N_0083,32,19,0,0.013030445786722833
W_N_0083,32,20,0,0.0045806086707917614
W_N_0083,32,21,0,0.08678816560075783
W_N_0083,32,22,0,0.027846865300312575
W_N_0083,32,23,0,0.15081785711892962
W_N_0083,32,24,0,0.009878803747545949
W_N_0083,32,25,0,0.04756620166638765
W_N_0083,32,26,0,0.12112505056926665
W_N_0083,32,27,0,0.11244607930103112
W_N_0083,32,28,0,0.013257483599228247
W_N_0083,32,29,0,0.07450526454656697
W_N_0083,32,30,0,0.009731983194601519
W_N_0083,32,31,0,0.027224186525016604
W_N_0083,32,32,0,0.011096312499710916
W_N_0083,32,33,0,0.013668124990664509
W_N_0083,32,34,0,0.05709750609329774
W_N_0083,32,35,0,0.017269915049189996
W_N_0083,32,36,0,0.21242844864268307
W_N_0083,32,37,0,0.06873557064641138
W_N_0083,32,38,0,0.04374697854380772
W_N_0083,32,39,1,0.10680965997446834
W_N_0083,33,3,1,0.9997166841074212
W_N_0083,33,4,0,0.20120777579955476
W_N_0083,33,5,0,0.09384973197226007
W_N_0083,33,6,0,0.07919101638099586
W_N_0083,33,7,0,0.1654073424594477
W_N_0083,33,8,0,0.009617444036359998
W_N_0083,33,9,0,0.9968468077812257
W_N_0083,33,10,0,0.29634557107636467
W_N_0083,33,11,0,0.028448835128786036
W_N_0083,33,12,0,0.3349674236374584
W_N_0083,33,13,0,0.03796478557322803
W_N_0083,33,14,0,0.01086281056980267
W_N_0083,33,15,0,0.02203889187847325
W_N_0083,33,16,0,0.002459354745210017
W_N_0083,33,17,0,0.046347028613239874
W_N_0083,33,18,0,0.0072667878852812
W_N_0083,33,19,0,0.03453633437478632
W_N_0083,33,20,0,0.051999898162471456
W_N_0083,33,21,0,0.0032891428894060958
W_N_0083,33,22,0,0.025362796001856473
W_N_0083,33,23,1,0.3675544091438485
W_N_0083,33,24,1,0.99857678110928
W_N_0083,33,25,0,0.9972669033207997
W_N_0083,33,26,0,0.019722294651637964
W_N_0083,33,27,0,0.07580198738567807
W_N_0083,33,28,0,0.010772725002931069
W_N_0083,33,29,1,0.23323913849116168
W_N_0083,33,30,0,0.005058209279829102
W_N_0083,33,31,0,0.010045350468944
W_N_0083,33,32,0,0.00692243913012533
W_N_0083,33,33,0,0.013926860493892947
W_N_0083,33,34,0,0.09572482957038424
W_N_0083,33,35,0,0.10668645818310198
W_N_0083,33,36,0,0.11090786200671712
W_N_0083,33,37,0,0.9980990066737365
W_N_0083,33,38,0,0.02383200401509896
W_N_0083,33,39,0,0.31482275889737094
W_N_0083,34,3,0,0.02577971440487128
W_N_0083,34,4,0,0.01575929543396238
W_N_0083,34,5,0,0.015140387090502876
W_N_0083,34,6,0,0.05842998120348202
W_N_0083,34,7,0,0.03572291825784941
W_N_0083,34,8,0,0.006291225485338494
W_N_0083,34,9,0,0.008912883423033586
W_N_0083,34,10,0,0.051363690114050765
W_N_0083,34,11,0,0.9996392937297215
W_N_0083,34,12,0,0.012604519204507614
W_N_0083,34,13,0,0.15012579101387152
W_N_0083,34,14,0,0.03356762418193609
W_N_0083,34,15,0,0.13743636405286902
W_N_0083,34,16,0,0.014192182179401151
W_N_0083,34,17,1,0.02627673057513201
W_N_0083,34,18,0,0.01496825904316508
W_N_0083,34,19,0,0.10958140037327696
W_N_0083,34,20,0,0.11542249763217244
W_N_0083,34,21,0,0.312290638211316
W_N_0083,34,22,0,0.06809421730187415
W_N_0083,34,23,0,0.6383965343732307
W_N_0083,34,24,0,0.014908761091957237
W_N_0083,34,25,0,0.26384313618011374
W_N_0083,34,26,0,0.0073047151202814565
W_N_0083,34,27,0,0.04073152346419563
W_N_0083,34,28,0,0.08164267770616726
W_N_0083,34,29,1,0.9919998230484935
W_N_0083,34,30,0,0.01785387058070672
W_N_0083,34,31,0,0.02294878508653185
W_N_0083,34,32,0,0.018948020580383113
W_N_0083,34,33,0,0.004676605407709789
W_N_0083,34,34,0,0.035599371800878285
W_N_0083,34,35,0,0.025732704693769783
W_N_0083,34,36,0,0.10781393149179404
W_N_0083,34,37,0,0.17703791146147113
W_N_0083,34,38,0,0.062450628627872005
W_N_0083,35,4,0,0.06897322355344225
W_N_0083,35,5,0,0.12032726360844356
W_N_0083,35,6,0,0.06280483573033911
W_N_0083,35,7,0,0.01993344743126811
W_N_0083,35,8,0,0.08677562929342042
W_N_0083,35,9,0,0.09529133904368081
W_N_0083,35,10,0,0.0949820382691351
W_N_0083,35,11,0,0.011749595488189324
W_N_0083,35,12,0,0.010641172821464404
W_N_0083,35,13,0,0.13346515899977765
W_N_0083,35,14,0,0.9994705731247447
W_N_0083,35,15,0,0.11435451805261569
W_N_0083,35,16,0,0.006733576383333464
W_N_0083,35,17,0,0.08508421883395073
W_N_0083,35,18,0,0.009770086506106947
W_N_0083,35,19,0,0.022639392642468496
W_N_0083,35,20,0,0.027631658168922813
W_N_0083,35,21,0,0.026566476773714463
W_N_0083,35,22,0,0.030480903143234594
W_N_0083,35,23,0,0.16572722533768777
W_N_0083,35,24,0,0.06918132477210213
W_N_0083,35,25,0,0.040908317133129354
W_N_0083,35,26,0,0.013665766091036745
W_N_0083,35,27,0,0.19365308989369806
W_N_0083,35,28,0,0.02102039452004327
W_N_0083,35,29,0,0.4612982835192113
W_N_0083,35,30,0,0.058844027446306534
W_N_0083,35,31,0,0.006869085076182071
W_N_0083,35,32,0,0.01558756551593749
W_N_0083,35,33,0,0.3446629184165092
W_N_0083,35,34,0,0.025069674247992193
W_N_0083,35,35,0,0.010967070700601106
W_N_0083,35,36,0,0.015987621777012444
W_N_0083,35,37,0,0.298545009356509
W_N_0083,36,5,0,0.08328922227147473
W_N_0083,36,6,0,0.010524233762393323
W_N_0083,36,7,0,0.011671101977413613
W_N_0083,36,8,0,0.22998590729888813
W_N_0083,36,9,0,0.0076759464208026665
W_N_0083,36,10,0,0.03750470388519016
W_N_0083,36,11,0,0.017566182500746045
W_N_0083,36,12,0,0.01915354998552494
W_N_0083,36,13,0,0.041191891006972216
W_N_0083,36,14,0,0.014480328524287779
W_N_0083,36,15,0,0.04780553354644672
W_N_0083,36,16,0,0.017262346073671452
W_N_0083,36,17,0,0.10678202537266944
W_N_0083,36,18,0,0.05150901897779065
W_N_0083,36,19,0,0.2683146445965885
W_N_0083,36,20,0,0.01713647072105195
W_N_0083,36,21,0,0.11830523096234455
W_N_0083,36,22,0,0.10962529395904763
W_N_0083,36,23,0,0.00902911976316525
W_N_0083,36,24,0,0.0026679821538389222
W_N_0083,36,25,0,0.03325839773709517
W_N_0083,36,26,0,0.023716699833227484
W_N_0083,36,27,0,0.012239729376477602
W_N_0083,36,28,0,0.9965776946617141
W_N_0083,36,29,0,0.011632811405185529
W_N_0083,36,30,0,0.027319322031337002
W_N_0083,36,31,0,0.08297201930516951
W_N_0083,36,32,0,0.006190036620991487
W_N_0083,36,33,0,0.04284717203049402
W_N_0083,36,34,0,0.16754974662683506
W_N_0083,36,35,0,0.04823451662933621
W_N_0083,36,36,0,0.985463840598246
W_N_0083,36,37,0,0.09083759359208059
W_N_0083,37,5,0,0.04130531030232321
W_N_0083,37,6,1,0.06353568820524673
W_N_0083,37,7,0,0.016728266814825747
W_N_0083,37,8,0,0.003092522787270882
W_N_0083,37,9,0,0.05163234539938566
W_N_0083,37,10,0,0.01186539451434974
W_N_0083,37,11,0,0.009478041821178078
W_N_0083,37,12,0,0.004815432140629877
W_N_0083,37,13,0,0.00666996379378587
W_N_0083,37,14,0,0.1272501941247092
W_N_0083,37,15,0,0.014042521654153213
W_N_0083,37,16,0,0.2079111305537808
W_N_0083,37,17,0,0.0021732772836436424
W_N_0083,37,18,0,0.04768022069954889
W_N_0083,37,19,0,0.01060679438161089
W_N_0083,37,20,0,0.0045320539386102775
W_N_0083,37,21,0,0.02274406276340574
W_N_0083,37,22,0,0.08814656598513945
W_N_0083,37,23,0,0.04084354482609014
W_N_0083,37,24,0,0.177285349509523
W_N_0083,37,25,0,0.0870203816986283
W_N_0083,37,26,0,0.10903404202973992
W_N_0083,37,27,0,0.040890369280430314
W_N_0083,37,28,0,0.19256524372308612
W_N_0083,37,29,0,0.07373932718483124
W_N_0083,37,30,1,0.9835402618380598
W_N_0083,37,31,1,0.10027114977211196
W_N_0083,37,32,0,0.2286974266509455
W_N_0083,37,33,0,0.01009102232885881
W_N_0083,37,34,0,0.05222818846404314
W_N_0083,37,35,0,0.010670056320803522
W_N_0083,37,36,0,0.03982125646842113
W_N_0083,38,6,0,0.4682280819654659
W_N_0083,38,7,0,0.047585472599018144
W_N_0083,38,8,0,0.0615304703167361
W_N_0083,38,9,0,0.0780716521237433
W_N_0083,38,10,0,0.026937660837804717
W_N_0083,38,11,0,0.026813944721723253
W_N_0083,38,12,0,0.07672836265800843
W_N_0083,38,13,0,0.01793935459806658
W_N_0083,38,14,0,0.018863385390136857
W_N_0083,38,15,0,0.10492329554963581
W_N_0083,38,16,0,0.028935649748533198
W_N_0083,38,17,0,0.4843281522412829
W_N_0083,38,18,0,0.2806285231797741
W_N_0083,38,19,0,0.07609521191968319
W_N_0083,38,20,0,0.9976015531746701
W_N_0083,38,21,0,0.6700072457986445
W_N_0083,38,22,0,0.04137412029853172
W_N_0083,38,23,0,0.014842405335039893
W_N_0083,38,24,0,0.03064392396895821
W_N_0083,38,25,0,0.017466669398518427
W_N_0083,38,26,1,0.1265738182014766
W_N_0083,38,27,0,0.07640770705526484
W_N_0083,38,28,0,0.6908036469870042
W_N_0083,38,29,0,0.4877964062596703
W_N_0083,38,30,0,0.0433215302612049
W_N_0083,38,31,0,0.114519691745295
W_N_0083,38,32,0,0.03376075881053738
W_N_0083,38,33,0,0.14336390675047977
W_N_0083,38,34,1,0.9811065322355464
W_N_0083,38,35,0,0.0037939953331523847
W_N_0083,39,7,0,0.09023080453132902
W_N_0083,39,8,0,0.24990933484215475
W_N_0083,39,9,0,0.24683476436282814
W_N_0083,39,10,0,0.14708530849740242
W_N_0083,39,11,0,0.02124837380975373
W_N_0083,39,12,0,0.09358909434394354
W_N_0083,39,13,0,0.024409889433755022
W_N_0083,39,14,0,0.024995250387092917
W_N_0083,39,15,0,0.8049513834812646
W_N_0083,39,16,0,0.03465534749114266
W_N_0083,39,17,0,0.02586142846353841
W_N_0083,39,18,0,0.024454746242917706
W_N_0083,39,19,0,0.031414132506546025
W_N_0083,39,20,0,0.4320359098686056
W_N_0083,39,21,0,0.0946631277333481
W_N_0083,39,22,0,0.03996709679191853
W_N_0083,39,23,0,0.056752008942203266
W_N_0083,39,24,0,0.17491993410572046
W_N_0083,39,25,0,0.20549943883451957
W_N_0083,39,26,0,0.12840331289403042
W_N_0083,39,27,0,0.0458207715732646
W_N_0083,39,28,0,0.9987079497801393
W_N_0083,39,29,0,0.18825715760155326
W_N_0083,39,30,0,0.05029563311503836
W_N_0083,39,31,0,0.02565026304942514
W_N_0083,39,32,0,0.06320473857703786
W_N_0083,39,33,0,0.020907617226241935
W_N_0083,39,34,0,0.011305723826984318
W_N_0083,40,8,1,0.9984886456460662
W_N_0083,40,9,0,0.02133193454819903
W_N_0083,40,10,0,0.11266835027277994
W_N_0083,40,11,0,0.649324374612406
W_N_0083,40,12,0,0.06449819673517632
W_N_0083,40,13,0,0.005746664089208398
W_N_0083,40,14,0,0.13953559923158632
W_N_0083,40,15,0,0.052270480402450976
W_N_0083,40,16,0,0.008191666920220888
W_N_0083,40,17,0,0.024655436629466426
W_N_0083,40,18,0,0.36981190208321774
W_N_0083,40,19,0,0.010609453973712211
W_N_0083,40,20,0,0.9342804800735625
W_N_0083,40,21,0,0.07850438543875977
W_N_0083,40,22,0,0.007681465403666796
W_N_0083,40,23,0,0.004213147256008178
W_N_0083,40,24,0,0.005425506229349527
W_N_0083,40,25,0,0.06844956513261877
W_N_0083,40,26,0,0.04371836408343306
W_N_0083,40,27,0,0.003735660996352484
W_N_0083,40,28,0,0.007418467312633347
W_N_0083,40,29,0,0.009681091888507144
W_N_0083,40,30,0,0.007367281232547623
W_N_0083,40,31,1,0.6490026641072486
W_N_0083,40,32,0,0.05606959979491216
W_N_0083,40,33,0,0.07682373721606
W_N_0083,41,10,0,0.035727855059658836
W_N_0083,41,11,0,0.0035427682878094425
W_N_0083,41,12,0,0.18400290142548598
W_N_0083,41,13,0,0.997649679221822
W_N_0083,41,14,0,0.012370237166593636
W_N_0083,41,15,0,0.005518339437739111
W_N_0083,41,16,0,0.032210582243491964
W_N_0083,41,17,0,0.01776663357716639
W_N_0083,41,18,0,0.9840076740301898
W_N_0083,41,19,0,0.031120243473563267
W_N_0083,41,20,0,0.7199858702541988
W_N_0083,41,21,0,0.1487754169352187
W_N_0083,41,22,0,0.022795332845732357
W_N_0083,41,23,0,0.05939085178970425
W_N_0083,41,24,0,0.02392880324937766
W_N_0083,41,25,0,0.004110639418481131
W_N_0083,41,26,0,0.22189772471782399
W_N_0083,41,27,0,0.003947845899227888
W_N_0083,41,28,0,0.08584691734602809
W_N_0083,41,29,0,0.1295572368272289
W_N_0083,41,30,0,0.06782449590740709
W_N_0083,41,31,0,0.16489073583940253
W_N_0083,41,32,0,0.00927991168460289
W_N_0083,42,11,0,0.07442759794298648
W_N_0083,42,12,0,0.01298948349495003
W_N_0083,42,13,0,0.008532521283453203
W_N_0083,42,14,0,0.04225819965801475
W_N_0083,42,15,0,0.04021413528679126
W_N_0083,42,16,0,0.013789386523862067
W_N_0083,42,17,0,0.9949614937290376
W_N_0083,42,18,0,0.03146489496717251
W_N_0083,42,19,0,0.007986198390515621
W_N_0083,42,20,0,0.0049200892040151805
W_N_0083,42,21,0,0.006350666500518449
W_N_0083,42,22,0,0.014384836105473132
W_N_0083,42,23,0,0.1678538760442535
W_N_0083,42,24,0,0.2215254154054315
W_N_0083,42,25,0,0.05952304648119979
W_N_0083,42,26,0,0.011661621010227769
W_N_0083,42,27,0,0.2902819414003398
W_N_0083,42,28,0,0.13264936429313925
W_N_0083,42,29,0,0.11183044664660365
W_N_0083,42,30,0,0.033964896297178554
W_N_0083,43,13,0,0.020436901878306848
W_N_0083,43,14,0,0.03876875955803272
W_N_0083,43,15,0,0.04294430886723139
W_N_0083,43,16,0,0.5306646054790006
W_N_0083,43,17,0,0.18324023860019545
W_N_0083,43,18,0,0.1444908303719036
W_N_0083,43,19,0,0.22624884832940653
W_N_0083,43,20,0,0.04868220658250605
W_N_0083,43,21,0,0.016502694732568674
W_N_0083,43,22,0,0.03167957815881816
W_N_0083,43,23,0,0.0347389650313548
W_N_0083,43,24,0,0.02568318061337224
W_N_0083,43,25,0,0.009799188661728655
W_N_0083,43,26,0,0.022380107818174774
W_N_0083,43,27,0,0.008181624402928902
W_N_0083,43,28,0,0.999394134732517
W_N_0083,44,16,0,0.07548483140615708
W_N_0083,44,17,0,0.1966049844359395
W_N_0083,44,18,0,0.07556066717573769
W_N_0083,44,19,0,0.016184608249957877
W_N_0083,44,20,0,0.2945528162014735
W_N_0083,44,21,1,0.9975453781018072
W_N_0083,44,22,0,0.07724712504826414
W_N_0083,44,23,0,0.20103044147604407
W_N_0083,44,24,0,0.2667959503123854
W_N_0083,44,25,0,0.030002553616513345
W_F_0039,0,14,1,0.3665423053128975
W_F_0039,0,15,0,0.6689234973192616
W_F_0039,0,16,0,0.48311217137183765
W_F_0039,0,17,1,0.14813195800195061
W_F_0039,0,18,0,0.988330365461667
W_F_0039,0,19,0,0.8980095180657284
W_F_0039,0,20,1,0.902707252992132
W_F_0039,0,21,0,0.03331434303138418
W_F_0039,0,22,1,0.3713205944605544
W_F_0039,1,12,1,0.9485519650145192
W_F_0039,1,13,1,0.34912886688773753
W_F_0039,1,14,0,0.06715443018372161
W_F_0039,1,15,1,0.14847277998145839
W_F_0039,1,16,0,0.029014450404274705
W_F_0039,1,17,0,0.6029575422437948
W_F_0039,1,18,1,0.6363726692057762
W_F_0039,1,19,0,0.8330351774543653
W_F_0039,1,20,0,0.9994639005371989
W_F_0039,1,21,0,0.08737790451633369
W_F_0039,1,22,0,0.1595788940633105
W_F_0039,1,23,0,0.04695226004372888
W_F_0039,1,24,1,0.9978461226981707
W_F_0039,2,10,0,0.9998403829644968
W_F_0039,2,11,0,0.02562295949292343
W_F_0039,2,12,0,0.47098153356806816
W_F_0039,2,13,0,0.006098695704506647
W_F_0039,2,14,0,0.1511617927941918
W_F_0039,2,15,0,0.03446551962480866
W_F_0039,2,16,0,0.03558084815497328
W_F_0039,2,17,0,0.054255310756356256
W_F_0039,2,18,0,0.6158034851668148
W_F_0039,2,19,0,0.039405206667641135
W_F_0039,2,20,0,0.4034255589016729
W_F_0039,2,21,0,0.999674690171882
W_F_0039,2,22,0,0.38083631095478077
W_F_0039,2,23,0,0.01156619166443544
W_F_0039,2,24,1,0.9985896776433069
W_F_0039,2,25,0,0.43484319088405693
W_F_0039,2,26,0,0.25085286951842695
W_F_0039,3,8,1,0.5159626617349817
W_F_0039,3,9,0,0.198907371690189
W_F_0039,3,10,0,0.10008340542022634
W_F_0039,3,11,0,0.14346861700065722
W_F_0039,3,12,0,0.6129213039312615
W_F_0039,3,13,0,0.24523191118157492
W_F_0039,3,14,0,0.15916243965669566
W_F_0039,3,15,0,0.19225014065860976
W_F_0039,3,16,0,0.07358019402596022
W_F_0039,3,17,1,0.9959250587942896
W_F_0039,3,18,0,0.5283210874551645
W_F_0039,3,19,1,0.9564027031639833
W_F_0039,3,20,0,0.2506655052747896
W_F_0039,3,21,0,0.25431482210073236
W_F_0039,3,22,0,0.1786760305936268
W_F_0039,3,23,0,0.04123283388096636
W_F_0039,3,24,1,0.5415602968839004
W_F_0039,3,25,1,0.15420153345291127
W_F_0039,3,26,0,0.9999052037844451
W_F_0039,3,27,1,0.9998306842559118
W_F_0039,3,28,0,0.174656794746564
W_F_0039,4,7,1,0.47436677079672523
W_F_0039,4,8,0,0.24276072926881798
W_F_0039,4,9,0,0.1729596042855163
W_F_0039,4,10,0,0.10696352089453177
W_F_0039,4,11,0,0.04376584297527207
W_F_0039,4,12,0,0.06047209294499401
W_F_0039,4,13,0,0.01112685803748499
W_F_0039,4,14,0,0.03857483973421065
W_F_0039,4,15,0,0.35983909614643117
W_F_0039,4,16,0,0.3583053256310734
W_F_0039,4,17,0,0.9998905973010355
W_F_0039,4,18,0,0.7223011831621038
W_F_0039,4,19,0,0.14663655970991085
W_F_0039,4,20,1,0.9997210645970512
W_F_0039,4,21,0,0.9989290342159857
W_F_0039,4,22,0,0.01277975688627414
W_F_0039,4,23,0,0.04678552507440385
W_F_0039,4,24,0,0.19916027240993223
W_F_0039,4,25,0,0.9956730577124896
W_F_0039,4,26,1,0.45887460093997856
W_F_0039,4,27,0,0.8114052966003296
W_F_0039,4,28,0,0.22802145626570594
W_F_0039,4,29,0,0.061936842892010346
W_F_0039,5,6,0,0.07074589003125752
W_F_0039,5,7,0,0.9971232498880381
W_F_0039,5,8,0,0.5944466132191881
W_F_0039,5,9,0,0.9588191698902088
W_F_0039,5,10,0,0.5035195894279262
W_F_0039,5,11,0,0.04040584958271854
W_F_0039,5,12,0,0.3062899659906233
W_F_0039,5,13,0,0.12041875304313943
W_F_0039,5,14,0,0.9920302125112437
W_F_0039,5,15,0,0.1988452159882718
W_F_0039,5,16,0,0.08498866107072021
W_F_0039,5,17,0,0.09682435234918663
W_F_0039,5,18,0,0.18285688941313122
W_F_0039,5,19,0,0.01704516087510934
W_F_0039,5,20,0,0.12187376644925647
W_F_0039,5,21,0,0.01514393538278132
W_F_0039,5,22,0,0.8428056435952195
W_F_0039,5,23,0,0.22850881647027077
W_F_0039,5,24,1,0.9986412101376201
W_F_0039,5,25,1,0.6565547499403053
W_F_0039,5,26,0,0.05672382763648109
W_F_0039,5,27,0,0.4055429247861108
W_F_0039,5,28,0,0.13577892916708384
W_F_0039,5,29,0,0.07918329773994175
W_F_0039,5,30,0,0.22636566619259244
W_F_0039,6,5,0,0.09751125411712837
W_F_0039,6,6,1,0.2991195566111066
W_F_0039,6,7,0,0.049657607833038804
W_F_0039,6,8,0,0.1689204608893835
W_F_0039,6,9,0,0.04371573016056346
W_F_0039,6,10,0,0.22559312269984783
W_F_0039,6,11,0,0.9997437986285663
W_F_0039,6,12,0,0.5190592691430653
W_F_0039,6,13,0,0.2146316834826755
W_F_0039,6,14,0,0.04503374845710718
W_F_0039,6,15,0,0.3176756656945822
W_F_0039,6,16,0,0.07474279233331556
W_F_0039,6,17,0,0.2971227052701031
W_F_0039,6,18,0,0.03438793028698572
W_F_0039,6,19,0,0.03824407560639544
W_F_0039,6,20,1,0.9998913478278033
W_F_0039,6,21,0,0.014989816241980883
W_F_0039,6,22,0,0.05922142677968063
W_F_0039,6,23,1,0.9998017867738249
W_F_0039,6,24,0,0.011529284811179489
W_F_0039,6,25,0,0.0478502027064272
W_F_0039,6,26,0,0.228517362762867
W_F_0039,6,27,0,0.11064018902797987
W_F_0039,6,28,0,0.22661929594781402
W_F_0039,6,29,0,0.017294275457715207
W_F_0039,6,30,0,0.03425282661032266
W_F_0039,6,31,0,0.03187977711892328
W_F_0039,7,4,1,0.6222350327228241
W_F_0039,7,5,0,0.16976131988851192
W_F_0039,7,6,0,0.7329463198374668
W_F_0039,7,7,0,0.1919465875410618
W_F_0039,7,8,0,0.014581399109049934
W_F_0039,7,9,0,0.019512000342353147
W_F_0039,7,10,0,0.22219659374606057
W_F_0039,7,11,1,0.9993298542183683
W_F_0039,7,12,0,0.4223055946362357
W_F_0039,7,13,0,0.06447126108903312
W_F_0039,7,14,1,0.6995165676620476
W_F_0039,7,15,0,0.4633251478339001
W_F_0039,7,16,0,0.10248608409435263
W_F_0039,7,17,0,0.21905421454391796
W_F_0039,7,18,0,0.029926770803243637
W_F_0039,7,19,0,0.0791792008619486
W_F_0039,7,20,0,0.2732976344285494
W_F_0039,7,21,0,0.08153029553597416
W_F_0039,7,22,1,0.8675187004637388
W_F_0039,7,23,0,0.11824170605360419
W_F_0039,7,24,0,0.06569184696441015
W_F_0039,7,25,0,0.023675639092509377
W_F_0039,7,26,0,0.16894438436397322
W_F_0039,7,27,0,0.19341182470956916
W_F_0039,7,28,0,0.1356206744285683
W_F_0039,7,29,0,0.002941404860985355
W_F_0039,7,30,0,0.017224444655673087
W_F_0039,7,31,0,0.12998942689561885
W_F_0039,7,32,0,0.6069175285868227
W_F_0039,8,4,0,0.22241067593639696
W_F_0039,8,5,0,0.08100825422532065
W_F_0039,8,6,0,0.11206151294024186
W_F_0039,8,7,0,0.017365362110885293
W_F_0039,8,8,0,0.16975759010660063
W_F_0039,8,9,0,0.014308580196264842
W_F_0039,8,10,0,0.02705599734154902
W_F_0039,8,11,0,0.8997305950760095
W_F_0039,8,12,0,0.038258750655338986
W_F_0039,8,13,0,0.44467352384588804
W_F_0039,8,14,0,0.09927910044987645
W_F_0039,8,15,0,0.020648012538819083
W_F_0039,8,16,0,0.11862595134534176
W_F_0039,8,17,0,0.11652252809901197
W_F_0039,8,18,0,0.10738077787359081
W_F_0039,8,19,0,0.09572925046197582
W_F_0039,8,20,0,0.950637347984785
W_F_0039,8,21,0,0.033006170311709784
W_F_0039,8,22,0,0.007635997567142886
W_F_0039,8,23,0,0.03330179709651157
W_F_0039,8,24,0,0.04816870481224826
W_F_0039,8,25,0,0.2038803903090979
W_F_0039,8,26,0,0.02828509653065385
W_F_0039,8,27,0,0.7202510942498136
W_F_0039,8,28,0,0.0327728680386631
W_F_0039,8,29,0,0.046253287791964665
W_F_0039,8,30,1,0.998787040410048
W_F_0039,8,31,0,0.4756379124533118
W_F_0039,8,32,1,0.7146469562753192
W_F_0039,9,3,0,0.45843913766540645
W_F_0039,9,4,0,0.34504100512883884
W_F_0039,9,5,1,0.5539714442298689
W_F_0039,9,6,0,0.7206711758194112
W_F_0039,9,7,0,0.09184036479624715
W_F_0039,9,8,0,0.03146098095669102
W_F_0039,9,9,0,0.5611808635549825
W_F_0039,9,10,0,0.5908265729072136
W_F_0039,9,11,0,0.524101595338791
W_F_0039,9,12,0,0.18383235830075242
W_F_0039,9,13,0,0.25971187596654016
W_F_0039,9,14,0,0.22851221623344187
W_F_0039,9,15,0,0.13302108858851
W_F_0039,9,16,1,0.42665339541119945
W_F_0039,9,17,0,0.192916539196839
W_F_0039,9,18,0,0.20679542843548843
W_F_0039,9,19,1,0.9969405656994196
W_F_0039,9,20,0,0.9987396520198853
W_F_0039,9,21,0,0.026196107210483297
W_F_0039,9,22,0,0.5750874881985851
W_F_0039,9,23,1,0.9991527922413157
W_F_0039,9,24,0,0.0744749308122981
W_F_0039,9,25,0,0.01845529137583493
W_F_0039,9,26,0,0.09401996146724428
W_F_0039,9,27,0,0.1250062771019659
W_F_0039,9,28,0,0.30909539877908326
W_F_0039,9,29,0,0.4186048862052894
W_F_0039,9,30,0,0.0367709801024876
W_F_0039,9,31,0,0.056510777725599336
W_F_0039,9,32,0,0.34123739715730556
W_F_0039,9,33,0,0.016906445847696645
W_F_0039,10,3,0,0.15478866673897967
W_F_0039,10,4,0,0.9991401970038272
W_F_0039,10,5,0,0.05412356785108556
W_F_0039,10,6,0,0.9974323638322287
W_F_0039,10,7,0,0.14015012661638324
W_F_0039,10,8,0,0.10157208893960801
W_F_0039,10,9,0,0.14177931228511728
W_F_0039,10,10,0,0.17363082291605098
W_F_0039,10,11,0,0.02039952584844678
W_F_0039,10,12,0,0.029948814900271643
W_F_0039,10,13,0,0.3750866349425689
W_F_0039,10,14,0,0.04706268037144219
W_F_0039,10,15,0,0.07189141535802818
W_F_0039,10,16,0,0.02363771253344651
W_F_0039,10,17,0,0.13437913936110182
W_F_0039,10,18,0,0.07615828755965738
W_F_0039,10,19,0,0.022673407521457824
W_F_0039,10,20,0,0.5643502351353421
W_F_0039,10,21,0,0.3412998925733398
W_F_0039,10,22,0,0.15311224052575687
W_F_0039,10,23,0,0.6075430564877108
W_F_0039,10,24,0,0.9999551363353021
W_F_0039,10,25,0,0.20666852385408913
W_F_0039,10,26,0,0.20208408951111356
W_F_0039,10,27,0,0.2272706382724366
W_F_0039,10,28,0,0.08885407058051467
W_F_0039,10,29,0,0.9991508539700116
W_F_0039,10,30,0,0.06363771796221
W_F_0039,10,31,0,0.3718550975758105
W_F_0039,10,32,0,0.039398159945553346
W_F_0039,10,33,0,0.3781045421361454
W_F_0039,11,2,1,0.999687767466769
W_F_0039,11,3,0,0.7054318958173337
W_F_0039,11,4,0,0.07891978256981061
W_F_0039,11,5,0,0.038150881960159
W_F_0039,11,6,0,0.3407212629964609
W_F_0039,11,7,0,0.054228225705396656
W_F_0039,11,8,0,0.026807370468451858
W_F_0039,11,9,0,0.013056059447564064
W_F_0039,11,10,0,0.10823716921027537
W_F_0039,11,11,0,0.05345786669783242
W_F_0039,11,12,0,0.11998884783107826
W_F_0039,11,13,0,0.5017449252991979
W_F_0039,11,14,0,0.27144530088242924
W_F_0039,11,15,0,0.007706936924000775
W_F_0039,11,16,0,0.048837031076019756
W_F_0039,11,17,0,0.007618430214015838
W_F_0039,11,18,0,0.020586681770062475
W_F_0039,11,19,0,0.013350208722515184
W_F_0039,11,20,0,0.4810634715765388
W_F_0039,11,21,0,0.024954901886551112
W_F_0039,11,22,0,0.1494022593577712
W_F_0039,11,23,0,0.1504660256569119
W_F_0039,11,24,0,0.08250069252973555
W_F_0039,11,25,0,0.7119596076450666
W_F_0039,11,26,0,0.027890542818744684
W_F_0039,11,27,0,0.005822785193310408
W_F_0039,11,28,0,0.22604868127185995
W_F_0039,11,29,0,0.013514543383141033
W_F_0039,11,30,0,0.9992440615596333
W_F_0039,11,31,0,0.019659136921868395
W_F_0039,11,32,0,0.05391776230134394
W_F_0039,11,33,0,0.45953176226923204
W_F_0039,11,34,0,0.1239660845910744
W_F_0039,12,2,0,0.8801906459412863
W_F_0039,12,3,0,0.06570436765066494
W_F_0039,12,4,0,0.3042194691379882
W_F_0039,12,5,0,0.24685050291666272
W_F_0039,12,6,0,0.12231588714985844
W_F_0039,12,7,0,0.0678004125618567
W_F_0039,12,8,0,0.1528882080698628
W_F_0039,12,9,0,0.03720653832355109
W_F_0039,12,10,0,0.057916313934335883
W_F_0039,12,11,0,0.2994648718906542
W_F_0039,12,12,0,0.012188033051283348
W_F_0039,12,13,0,0.5004276931696829
W_F_0039,12,14,0,0.1051527978081503
W_F_0039,12,15,0,0.18366912645896777
W_F_0039,12,16,0,0.028082866471212012
W_F_0039,12,17,0,0.29423102335982765
W_F_0039,12,18,0,0.011590363411224824
W_F_0039,12,19,0,0.10677810250787588
W_F_0039,12,20,1,0.3517134881311196
W_F_0039,12,21,0,0.5028345629181773
W_F_0039,12,22,0,0.3407307781468409
W_F_0039,12,23,0,0.13440739502579804
W_F_0039,12,24,0,0.018376487664855685
W_F_0039,12,25,0,0.046197274232329305
W_F_0039,12,26,0,0.8822518415864959
W_F_0039,12,27,0,0.9994326162020825
W_F_0039,12,28,0,0.34658663931861233
W_F_0039,12,29,0,0.045851686259630244
W_F_0039,12,30,0,0.3858775846784251
W_F_0039,12,31,1,0.6898140209870353
W_F_0039,12,32,0,0.08158958240594837
W_F_0039,12,33,0,0.020131919526402153
W_F_0039,12,34,0,0.3806999896284269
W_F_0039,13,1,1,0.9975439407425654
W_F_0039,13,2,0,0.08875652177039607
W_F_0039,13,3,1,0.998694494228356
W_F_0039,13,4,0,0.22748104976683534
W_F_0039,13,5,1,0.11935177300482844
W_F_0039,13,6,0,0.2409108348613471
W_F_0039,13,7,0,0.4130674559162009
W_F_0039,13,8,0,0.9979291098273845
W_F_0039,13,9,0,0.3780373454824169
W_F_0039,13,10,0,0.005892834010081133
W_F_0039,13,11,0,0.1233943768533002
W_F_0039,13,12,0,0.10865577767937483
W_F_0039,13,13,0,0.03166772801166716
W_F_0039,13,14,0,0.2330079731213304
W_F_0039,13,15,0,0.06487481030465937
W_F_0039,13,16,0,0.005246926985123398
W_F_0039,13,17,0,0.030995499977339597
W_F_0039,13,18,0,0.04313640162526934
W_F_0039,13,19,0,0.3702637580540505
W_F_0039,13,20,0,0.4035774820841072
W_F_0039,13,21,0,0.10276449780989096
W_F_0039,13,22,0,0.21222212370821156
W_F_0039,13,23,0,0.016130063581664484
W_F_0039,13,24,0,0.15174237298548066
W_F_0039,13,25,0,0.3480360439907408
W_F_0039,13,26,0,0.1929740892399699
W_F_0039,13,27,0,0.053704129602444375
W_F_0039,13,28,0,0.009680187571849666
W_F_0039,13,29,0,0.2670722269174151
W_F_0039,13,30,0,0.4411548806855162
W_F_0039,13,31,1,0.28602767325415623
W_F_0039,13,32,0,0.9549741160625983
W_F_0039,13,33,0,0.013043964255342485
W_F_0039,13,34,0,0.20888041663747345
W_F_0039,13,35,1,0.08019965193417168
W_F_0039,14,1,1,0.9999262102824283
W_F_0039,14,2,0,0.09022887499582166
W_F_0039,14,3,0,0.2543246215989858
W_F_0039,14,4,0,0.039500046228471766
W_F_0039,14,5,0,0.032177543403132454
W_F_0039,14,6,0,0.18495316215804708
W_F_0039,14,7,0,0.013987610905468038
W_F_0039,14,8,0,0.008076527045172591
W_F_0039,14,9,0,0.035647140567866824
W_F_0039,14,10,0,0.03194219205011937
W_F_0039,14,11,0,0.999652934160988
W_F_0039,14,12,1,0.9973056369661027
W_F_0039,14,13,0,0.06537222129545864
W_F_0039,14,14,0,0.0927846448391301
W_F_0039,14,15,0,0.027673865641756876
W_F_0039,14,16,1,0.999580312851399
W_F_0039,14,17,0,0.30008032322693345
W_F_0039,14,18,0,0.1373737256613017
W_F_0039,14,19,0,0.1339950964861759
W_F_0039,14,20,0,0.007219076873496616
W_F_0039,14,21,0,0.18105035941941114
W_F_0039,14,22,0,0.056869205192274716
W_F_0039,14,23,0,0.037004604345457354
W_F_0039,14,24,0,0.10492369305488776
W_F_0039,14,25,0,0.059992892256612244
W_F_0039,14,26,0,0.062040400147084174
W_F_0039,14,27,0,0.1074406111155894
W_F_0039,14,28,0,0.3448259246559451
W_F_0039,14,29,0,0.03437507080430332
W_F_0039,14,30,0,0.0634307739978284
W_F_0039,14,31,0,0.13113728733652305
W_F_0039,14,32,0,0.09987961256563879
W_F_0039,14,33,0,0.07611033473135735
W_F_0039,14,34,0,0.8109948249155976
W_F_0039,14,35,0,0.38862835028888193
W_F_0039,15,1,1,0.8391414734827132
W_F_0039,15,2,1,0.8292959361692407
W_F_0039,15,3,0,0.04525738620178556
W_F_0039,15,4,0,0.7254987224239089
W_F_0039,15,5,0,0.011861269831662547
W_F_0039,15,6,0,0.019841820205395322
W_F_0039,15,7,0,0.018084944820746643
W_F_0039,15,8,0,0.8093303300849796
W_F_0039,15,9,0,0.0087262349538621
W_F_0039,15,10,0,0.007700360209868153
W_F_0039,15,11,0,0.2251013446341716
W_F_0039,15,12,0,0.13677674462886463
W_F_0039,15,13,0,0.29022073058404935
W_F_0039,15,14,0,0.05113125384006729
W_F_0039,15,15,0,0.0223548894546759
W_F_0039,15,16,0,0.28820946680980136
W_F_0039,15,17,0,0.0038458564398823713
W_F_0039,15,18,0,0.049814931191311126
W_F_0039,15,19,0,0.05299470153952103
W_F_0039,15,20,0,0.013530868567795293
W_F_0039,15,21,1,0.6449902608213833
W_F_0039,15,22,0,0.01040954166419461
W_F_0039,15,23,0,0.0882376969813029
W_F_0039,15,24,0,0.14601386514004464
W_F_0039,15,25,0,0.025961401644661545
W_F_0039,15,26,0,0.017210627270572782
W_F_0039,15,27,0,0.023423114232076974
W_F_0039,15,28,0,0.03029206142188707
W_F_0039,15,29,0,0.06467486598816422
W_F_0039,15,30,0,0.07709147249990325
W_F_0039,15,31,0,0.026679535850220273
W_F_0039,15,32,0,0.025129231372651554
W_F_0039,15,33,0,0.12898723921328908
W_F_0039,15,34,0,0.2042911622458089
W_F_0039,15,35,1,0.9999441100140007
W_F_0039,16,1,1,0.9999140717994407
W_F_0039,16,2,1,0.9999968587054092
W_F_0039,16,3,1,0.5813870276271561
W_F_0039,16,4,0,0.06567462002869626
W_F_0039,16,5,0,0.4596204129036247
W_F_0039,16,6,0,0.995124138544134
W_F_0039,16,7,0,0.26788861782362744
W_F_0039,16,8,0,0.06124326681561044
W_F_0039,16,9,0,0.12013698825304232
W_F_0039,16,10,0,0.06946752667301652
W_F_0039,16,11,0,0.4314248511081157
W_F_0039,16,12,0,0.18958496248908135
W_F_0039,16,13,0,0.3420547086256197
W_F_0039,16,14,0,0.010309822218444262
W_F_0039,16,15,0,0.03602349802748386
W_F_0039,16,16,0,0.17849762274638947
W_F_0039,16,17,0,0.013303272865663263
W_F_0039,16,18,0,0.08202484757720678
W_F_0039,16,19,1,0.6271625821490036
W_F_0039,16,20,0,0.1865613410443524
W_F_0039,16,21,0,0.019214770724426716
W_F_0039,16,22,0,0.9838632876653909
W_F_0039,16,23,0,0.027618340519737133
W_F_0039,16,24,0,0.08202632600054069
W_F_0039,16,25,0,0.01959122150059222
W_F_0039,16,26,0,0.4351583210826451
W_F_0039,16,27,0,0.01940606207324291
W_F_0039,16,28,0,0.01691528116453908
W_F_0039,16,29,0,0.023745132489344286
W_F_0039,16,30,0,0.011395717403706554
W_F_0039,16,31,0,0.19662149016809213
W_F_0039,16,32,0,0.4288960708564659
W_F_0039,16,33,0,0.07558419350434717
W_F_0039,16,34,0,0.06370398221680118
W_F_0039,16,35,0,0.22644917482119634
W_F_0039,17,0,1,0.9496165650090883
W_F_0039,17,1,1,0.9093877734992298
W_F_0039,17,2,1,0.42500300678049974
W_F_0039,17,3,0,0.9704594369943074
W_F_0039,17,4,0,0.21849639571186383
W_F_0039,17,5,0,0.06164981821510938
W_F_0039,17,6,0,0.025857192065873287
W_F_0039,17,7,0,0.03426230622008414
W_F_0039,17,8,0,0.06933066305125968
W_F_0039,17,9,0,0.07703276114601339
W_F_0039,17,10,0,0.13585628929411425
W_F_0039,17,11,0,0.5036587799729287
W_F_0039,17,12,0,0.05158341224738554
W_F_0039,17,13,0,0.03165470690736165
W_F_0039,17,14,0,0.2985593072028987
W_F_0039,17,15,0,0.27143560350159573
W_F_0039,17,16,0,0.08951555459259487
W_F_0039,17,17,0,0.007174705785820637
W_F_0039,17,18,0,0.029335918054537564
W_F_0039,17,19,0,0.04505089422592912
W_F_0039,17,20,1,0.044467201277890264
W_F_0039,17,21,1,0.09623414656385959
W_F_0039,17,22,0,0.013671008911966398
W_F_0039,17,23,0,0.051081480395968736
W_F_0039,17,24,0,0.4091357627750442
W_F_0039,17,25,1,0.901702079188994
W_F_0039,17,26,0,0.2843658125928599
W_F_0039,17,27,0,0.025465568027877254
W_F_0039,17,28,0,0.11168533290348283
W_F_0039,17,29,0,0.26867685899719196
W_F_0039,17,30,0,0.04927618404834103
W_F_0039,17,31,0,0.06670135065176112
W_F_0039,17,32,1,0.17813405312695568
W_F_0039,17,33,0,0.010199204157606312
W_F_0039,17,34,0,0.10924303280256546
W_F_0039,17,35,0,0.2868951489729728
W_F_0039,17,36,0,0.17102450135338795
W_F_0039,18,0,1,0.9999943036406267
W_F_0039,18,1,1,0.9999888510829733
W_F_0039,18,2,0,0.8524593943200508
W_F_0039,18,3,0,0.720135596710272
W_F_0039,18,4,0,0.116706948416377
W_F_0039,18,5,0,0.19745321746739614
W_F_0039,18,6,0,0.02697607425945883
W_F_0039,18,7,0,0.03178708911194974
W_F_0039,18,8,0,0.038971004172522694
W_F_0039,18,9,0,0.18652835599334006
W_F_0039,18,10,0,0.040578003423641644
W_F_0039,18,11,0,0.0203139717752866
W_F_0039,18,12,0,0.035272168132403414
W_F_0039,18,13,0,0.13561340707864813
W_F_0039,18,14,0,0.06300949824729213
W_F_0039,18,15,0,0.9975307406187672
W_F_0039,18,16,0,0.41893085709360045
W_F_0039,18,17,0,0.9978411026949439
W_F_0039,18,18,0,0.9969136920979303
W_F_0039,18,19,0,0.1590313757477678
W_F_0039,18,20,0,0.007918133270625904
W_F_0039,18,21,0,0.32199816965890415
W_F_0039,18,22,0,0.15689282562462675
W_F_0039,18,23,0,0.042775241952996
W_F_0039,18,24,0,0.006945983500208746
W_F_0039,18,25,0,0.27393549415205537
W_F_0039,18,26,0,0.26404728948324596
W_F_0039,18,27,1,0.9988185686792463
W_F_0039,18,28,0,0.06205818801185243
W_F_0039,18,29,0,0.07703039598668528
W_F_0039,18,30,0,0.17881771850214065
W_F_0039,18,31,0,0.5543206729362096
W_F_0039,18,32,0,0.28604125878780895
W_F_0039,18,33,0,0.9975660339841513
W_F_0039,18,34,0,0.5485263454760605
W_F_0039,18,35,0,0.06936345032282379
W_F_0039,18,36,1,0.3061818525006066
W_F_0039,19,0,1,0.5819781711022095
W_F_0039,19,1,1,0.9998897711644321
W_F_0039,19,2,1,0.8766450113060722
W_F_0039,19,3,0,0.998884484190322
W_F_0039,19,4,0,0.015597664371085566
W_F_0039,19,5,0,0.18709302713610684
W_F_0039,19,6,0,0.21915810016969572
W_F_0039,19,7,0,0.2904867801398404
W_F_0039,19,8,0,0.07938342249351252
W_F_0039,19,9,0,0.3888679191707806
W_F_0039,19,10,0,0.30113162839079227
W_F_0039,19,11,0,0.017977584396310028
W_F_0039,19,12,0,0.037263267819455825
W_F_0039,19,13,0,0.006297264099152728
W_F_0039,19,14,0,0.03318943902193957
W_F_0039,19,15,0,0.05564275497149188
W_F_0039,19,16,0,0.03898770773514861
W_F_0039,19,17,1,0.998978292052388
W_F_0039,19,18,1,0.999284508436338
W_F_0039,19,19,0,0.047829861124809386
W_F_0039,19,20,0,0.0456424739589268
W_F_0039,19,21,0,0.8225969738794155
W_F_0039,19,22,1,0.6923488891111119
W_F_0039,19,23,0,0.015855547128872417
W_F_0039,19,24,0,0.009663525971148189
W_F_0039,19,25,0,0.09868351334771466
W_F_0039,19,26,0,0.09532609413951786
W_F_0039,19,27,0,0.7121462210023238
W_F_0039,19,28,0,0.02470845052314638
W_F_0039,19,29,0,0.8114105414162961
W_F_0039,19,30,0,0.10079385747419223
W_F_0039,19,31,0,0.30571330468697594
W_F_0039,19,32,0,0.06514706179908111
W_F_0039,19,33,0,0.6862127144704455
W_F_0039,19,34,0,0.9999712187965831
W_F_0039,19,35,0,0.4398544142024121
W_F_0039,19,36,1,0.9998611597911422
W_F_0039,20,0,1,0.9997204015922928
W_F_0039,20,1,1,0.9998415729356487
W_F_0039,20,2,0,0.6212410912052044
W_F_0039,20,3,0,0.023331913724505413
W_F_0039,20,4,0,0.23196613128636787
W_F_0039,20,5,0,0.23652865827131267
W_F_0039,20,6,0,0.16921639334509894
W_F_0039,20,7,0,0.10859799173847626
W_F_0039,20,8,0,0.0928633252933821
W_F_0039,20,9,0,0.6421078964544553
W_F_0039,20,10,0,0.06705721343451587
W_F_0039,20,11,0,0.46635302004126106
W_F_0039,20,12,0,0.2650351985565377
W_F_0039,20,13,0,0.046803014508346244
W_F_0039,20,14,0,0.020262286934856717
W_F_0039,20,15,0,0.1935018798946825
W_F_0039,20,16,0,0.13598354872266677
W_F_0039,20,17,0,0.0044214888635353096
W_F_0039,20,18,0,0.018226126205172444
W_F_0039,20,19,0,0.10858116582308902
W_F_0039,20,20,0,0.10290700624553756
W_F_0039,20,21,0,0.06651655847741915
W_F_0039,20,22,0,0.009449610494893889
W_F_0039,20,23,0,0.011412004398899757
W_F_0039,20,24,0,0.07504195792116361
W_F_0039,20,25,0,0.019441163065238538
W_F_0039,20,26,0,0.009891701783974104
W_F_0039,20,27,0,0.7944534472803102
W_F_0039,20,28,0,0.2719527884039044
W_F_0039,20,29,0,0.15493498314208548
W_F_0039,20,30,0,0.02539546191793179
W_F_0039,20,31,0,0.09662943595864372
W_F_0039,20,32,0,0.2438238098383873
W_F_0039,20,33,0,0.06673600539443372
W_F_0039,20,34,0,0.9995236413837739
W_F_0039,20,35,0,0.010295786704721723
W_F_0039,20,36,0,0.09425507135490005
W_F_0039,21,0,1,0.9998455519207919
W_F_0039,21,1,1,0.990906287763397
W_F_0039,21,2,0,0.05948643421978582
W_F_0039,21,3,0,0.8115510991324492
W_F_0039,21,4,0,0.0686776085768049
W_F_0039,21,5,0,0.1423424414947791
W_F_0039,21,6,0,0.3347774412385249
W_F_0039,21,7,0,0.03309397246968324
W_F_0039,21,8,0,0.16868192491033399
W_F_0039,21,9,0,0.07425819678873527
W_F_0039,21,10,0,0.012367620895517368
W_F_0039,21,11,0,0.07687664664512904
W_F_0039,21,12,0,0.004060026588602897
W_F_0039,21,13,0,0.5571085536569209
W_F_0039,21,14,0,0.06270616928866567
W_F_0039,21,15,0,0.18483670915263073
W_F_0039,21,16,0,0.01086807298811636
W_F_0039,21,17,0,0.14136503056442068
W_F_0039,21,18,0,0.39908370971570195
W_F_0039,21,19,0,0.14471288173502694
W_F_0039,21,20,0,0.07138847534126569
W_F_0039,21,21,0,0.09162847220861899
W_F_0039,21,22,0,0.00808197914811682
W_F_0039,21,23,0,0.05077509336303947
W_F_0039,21,24,0,0.0408806311201302
W_F_0039,21,25,0,0.019582435226883965
W_F_0039,21,26,0,0.06826035918535223
W_F_0039,21,27,0,0.044132770331616764
W_F_0039,21,28,1,0.07974249845865544
W_F_0039,21,29,0,0.149264589694126
W_F_0039,21,30,0,0.20064781070234233
W_F_0039,21,31,0,0.4096296498986881
W_F_0039,21,32,0,0.04423620060220808
W_F_0039,21,33,0,0.7110556497872782
W_F_0039,21,34,0,0.06794804094994139
W_F_0039,21,35,0,0.06657176852162616
W_F_0039,21,36,1,0.9979434601063749
W_F_0039,22,1,1,0.703501268071049
W_F_0039,22,2,0,0.05472762840676343
W_F_0039,22,3,0,0.25097960535929714
W_F_0039,22,4,0,0.6144578784087175
W_F_0039,22,5,0,0.06947995185489664
W_F_0039,22,6,0,0.05939399399466734
W_F_0039,22,7,0,0.04187316720953203
W_F_0039,22,8,0,0.2611328320083674
W_F_0039,22,9,0,0.025635245436584568
W_F_0039,22,10,0,0.13205018173795693
W_F_0039,22,11,0,0.2121095380791945
W_F_0039,22,12,0,0.8095359586369687
W_F_0039,22,13,0,0.022245965132835877
W_F_0039,22,14,1,0.9993173921388973
W_F_0039,22,15,0,0.1685804585272068
W_F_0039,22,16,0,0.20603751647726398
W_F_0039,22,17,0,0.04540321248011834
W_F_0039,22,18,0,0.07983173337170837
W_F_0039,22,19,0,0.7175943109517959
W_F_0039,22,20,0,0.056709489719215946
W_F_0039,22,21,0,0.1461021971921259
W_F_0039,22,22,0,0.11302885403285956
W_F_0039,22,23,0,0.2706468711137232
W_F_0039,22,24,0,0.003783287731473226
W_F_0039,22,25,0,0.011649572114499185
W_F_0039,22,26,0,0.07701030028113469
W_F_0039,22,27,0,0.999987739443747
W_F_0039,22,28,0,0.05607228883769222
W_F_0039,22,29,0,0.006481810482736061
W_F_0039,22,30,0,0.28330395865851116
W_F_0039,22,31,0,0.14074693417028766
W_F_0039,22,32,0,0.8037893443574123
W_F_0039,22,33,0,0.2288045518886352
W_F_0039,22,34,0,0.023101448660492397
W_F_0039,22,35,0,0.05857700220158726
W_F_0039,23,1,1,0.9996340714918679
W_F_0039,23,2,0,0.21800950276061248
W_F_0039,23,3,0,0.01419060495954045
W_F_0039,23,4,0,0.13067794921954903
W_F_0039,23,5,0,0.9999324332299834
W_F_0039,23,6,0,0.01726455104593076
W_F_0039,23,7,0,0.05018816995360495
W_F_0039,23,8,0,0.4335256672120152
W_F_0039,23,9,0,0.33156616295285496
W_F_0039,23,10,0,0.25016388094663033
W_F_0039,23,11,0,0.019027493490266754
W_F_0039,23,12,0,0.0104240253610282
W_F_0039,23,13,0,0.0620290163852806
W_F_0039,23,14,0,0.07789767897662
W_F_0039,23,15,0,0.5867698195246505
W_F_0039,23,16,0,0.07375613619057587
W_F_0039,23,17,0,0.19387720624363086
W_F_0039,23,18,0,0.005003182283464647
W_F_0039,23,19,0,0.06454906685386541
W_F_0039,23,20,0,0.3824743342584806
W_F_0039,23,21,0,0.0570069652700959
W_F_0039,23,22,0,0.006043828432479138
W_F_0039,23,23,0,0.04413516610680356
W_F_0039,23,24,0,0.010474883018543458
W_F_0039,23,25,0,0.11066947757562522
W_F_0039,23,26,0,0.06927536099728748
W_F_0039,23,27,0,0.9998235420005399
W_F_0039,23,28,0,0.15958564435076875
W_F_0039,23,29,0,0.25015467484714576
W_F_0039,23,30,0,0.9835435920038652
W_F_0039,23,31,0,0.998801258861569
W_F_0039,23,32,0,0.03279074796200443
W_F_0039,23,33,0,0.9719870791629213
W_F_0039,23,34,0,0.9981421167349751
W_F_0039,23,35,0,0.9983589047865418
W_F_0039,24,1,1,0.9981450559538007
W_F_0039,24,2,0,0.19958781617053892
W_F_0039,24,3,0,0.00687405275261729
W_F_0039,24,4,0,0.3849431126795978
W_F_0039,24,5,0,0.6599143211067041
W_F_0039,24,6,0,0.17802997885220823
W_F_0039,24,7,0,0.07097134330050445
W_F_0039,24,8,0,0.1969258084355674
W_F_0039,24,9,0,0.02571327302429978
W_F_0039,24,10,1,0.9931474826139298
W_F_0039,24,11,0,0.03361734265238943
W_F_0039,24,12,0,0.09648808703186479
W_F_0039,24,13,0,0.0783597949026135
W_F_0039,24,14,0,0.038327567972516075
W_F_0039,24,15,0,0.09651164777535591
W_F_0039,24,16,0,0.4534365746390734
W_F_0039,24,17,0,0.02515713429021719
W_F_0039,24,18,0,0.03010878707123945
W_F_0039,24,19,0,0.06632758591933517
W_F_0039,24,20,0,0.20279439224886833
W_F_0039,24,21,0,0.015057822105756624
W_F_0039,24,22,0,0.23537617284755297
W_F_0039,24,23,0,0.29469119335946725
W_F_0039,24,24,0,0.015186892442349774
W_F_0039,24,25,1,0.7969513069307939
W_F_0039,24,26,0,0.034274641664531674
W_F_0039,24,27,0,0.29727463859499587
W_F_0039,24,28,0,0.11136509656579216
W_F_0039,24,29,1,0.23078334705382142
W_F_0039,24,30,0,0.08619899323578652
W_F_0039,24,31,1,0.999873653507478
W_F_0039,24,32,0,0.031319414607008905
W_F_0039,24,33,0,0.18837499030600321
W_F_0039,24,34,0,0.043176136506371234
W_F_0039,24,35,0,0.009446524301933372
W_F_0039,25,1,0,0.5243144193367124
W_F_0039,25,2,0,0.02002344132926754
W_F_0039,25,3,0,0.419334740660624
W_F_0039,25,4,0,0.21456440526126314
W_F_0039,25,5,0,0.06930832611618952
W_F_0039,25,6,0,0.11985724489872471
W_F_0039,25,7,0,0.05344883110392524
W_F_0039,25,8,0,0.017729131794351146
W_F_0039,25,9,0,0.06853398813819173
W_F_0039,25,10,0,0.5810711969605608
W_F_0039,25,11,0,0.4899015613183031
W_F_0039,25,12,0,0.39730192754698607
W_F_0039,25,13,0,0.19702251399631165
W_F_0039,25,14,0,0.039701448873444796
W_F_0039,25,15,0,0.014906548635132091
W_F_0039,25,16,0,0.015777164622357138
W_F_0039,25,17,0,0.22168077490565333
W_F_0039,25,18,0,0.26640525750095784
W_F_0039,25,19,0,0.14150894640193798
W_F_0039,25,20,0,0.44981371343381393
W_F_0039,25,21,0,0.052375739366125405
W_F_0039,25,22,0,0.840766961842022
W_F_0039,25,23,0,0.47173902092785897
W_F_0039,25,24,1,0.9980839528647644
W_F_0039,25,25,0,0.21764164815058135
W_F_0039,25,26,1,0.10264674704283372
W_F_0039,25,27,1,0.9950826835175847
W_F_0039,25,28,0,0.07810536995064318
W_F_0039,25,29,0,0.010552783111557834
W_F_0039,25,30,0,0.20743288573407653
W_F_0039,25,31,0,0.09476207836448806
W_F_0039,25,32,0,0.10506423171782005
W_F_0039,25,33,0,0.4643757973287681
W_F_0039,25,34,0,0.0358305576208666
W_F_0039,25,35,0,0.33665243156558783
W_F_0039,26,2,0,0.301186281309303
W_F_0039,26,3,0,0.7937437375632564
W_F_0039,26,4,0,0.44978628275187543
W_F_0039,26,5,1,0.9966674740149456
W_F_0039,26,6,0,0.3288417469834028
W_F_0039,26,7,0,0.28133321339899003
W_F_0039,26,8,0,0.040267184112655056
W_F_0039,26,9,0,0.05957167282470381
W_F_0039,26,10,0,0.2048150405534187
W_F_0039,26,11,0,0.019235040809070434
W_F_0039,26,12,0,0.08329683651549957
W_F_0039,26,13,0,0.00976430350963373
W_F_0039,26,14,0,0.9984633925597236
W_F_0039,26,15,0,0.005822327640789671
W_F_0039,26,16,0,0.00537215011490384
W_F_0039,26,17,0,0.021276502333632114
W_F_0039,26,18,0,0.044840647043061066
W_F_0039,26,19,0,0.026099474558280673
W_F_0039,26,20,0,0.021039821387609358
W_F_0039,26,21,0,0.0663489077975304
W_F_0039,26,22,0,0.028964277814858493
W_F_0039,26,23,0,0.020674447192794584
W_F_0039,26,24,0,0.02745879976527397
W_F_0039,26,25,0,0.02992598279234559
W_F_0039,26,26,0,0.2585156998680079
W_F_0039,26,27,0,0.01699877843267129
W_F_0039,26,28,0,0.9893168562411685
W_F_0039,26,29,0,0.05297757897096084
W_F_0039,26,30,0,0.422116344257376
W_F_0039,26,31,0,0.07256693004667562
W_F_0039,26,32,0,0.10670005268733199
W_F_0039,26,33,1,0.23968891517140584
W_F_0039,26,34,0,0.01862657626085008
W_F_0039,27,2,0,0.021511811229395626
W_F_0039,27,3,0,0.07450419052712731
W_F_0039,27,4,1,0.26060486079591866
W_F_0039,27,5,0,0.019297541849168945
W_F_0039,27,6,0,0.07215169227443326
W_F_0039,27,7,0,0.12682177862453406
W_F_0039,27,8,0,0.16356884627919727
W_F_0039,27,9,0,0.29930306857502087
W_F_0039,27,10,0,0.009331737363397801
W_F_0039,27,11,0,0.15313393771046763
W_F_0039,27,12,0,0.08671117056915899
W_F_0039,27,13,0,0.23362153425695875
W_F_0039,27,14,0,0.18638129931011743
W_F_0039,27,15,0,0.03529773151378634
W_F_0039,27,16,0,0.23723421648950324
W_F_0039,27,17,0,0.3260980992592753
W_F_0039,27,18,0,0.008998116506460565
W_F_0039,27,19,0,0.06604982673869451
W_F_0039,27,20,0,0.23356364083278425
W_F_0039,27,21,0,0.013836082310589389
W_F_0039,27,22,0,0.008325354629601607
W_F_0039,27,23,0,0.33181861645865507
W_F_0039,27,24,0,0.036348941443473615
W_F_0039,27,25,0,0.04631472787770485
W_F_0039,27,26,0,0.9968412316488329
W_F_0039,27,27,0,0.14144104185543288
W_F_0039,27,28,0,0.999217414158407
W_F_0039,27,29,0,0.16607757036988255
W_F_0039,27,30,0,0.041700183719599083
W_F_0039,27,31,0,0.11579941226603174
W_F_0039,27,32,0,0.2228351599692844
W_F_0039,27,33,0,0.9525904521851862
W_F_0039,27,34,1,0.849962306485007
W_F_0039,28,3,0,0.46938717790173284
W_F_0039,28,4,0,0.4428606809728685
W_F_0039,28,5,0,0.08911575633644238
W_F_0039,28,6,0,0.9982816912337963
W_F_0039,28,7,0,0.024027054294942198
W_F_0039,28,8,0,0.029838992043443275
W_F_0039,28,9,1,0.9985347165202193
W_F_0039,28,10,0,0.03878689048303137
W_F_0039,28,11,0,0.32865822549903073
W_F_0039,28,12,0,0.20301764995906046
W_F_0039,28,13,0,0.059167341669027554
W_F_0039,28,14,0,0.11089857296781121
W_F_0039,28,15,0,0.19044133571858715
W_F_0039,28,16,0,0.02213388416306749
W_F_0039,28,17,0,0.2734569990049217
W_F_0039,28,18,0,0.452382834756749
W_F_0039,28,19,0,0.10121631786045389
W_F_0039,28,20,0,0.14843775524655536
W_F_0039,28,21,0,0.014785702492479713
W_F_0039,28,22,0,0.23974279168663096
W_F_0039,28,23,0,0.14184045522867372
W_F_0039,28,24,0,0.06930471963898457
W_F_0039,28,25,0,0.013828890456589091
W_F_0039,28,26,0,0.047928990392140325
W_F_0039,28,27,0,0.07012707029609802
W_F_0039,28,28,1,0.9991776222975456
W_F_0039,28,29,0,0.9926780587364706
W_F_0039,28,30,1,0.08477367893164407
W_F_0039,28,31,1,0.24950105043699078
W_F_0039,28,32,0,0.999932707758389
W_F_0039,28,33,0,0.4776063696049946
W_F_0039,29,3,1,0.8020310666724599
W_F_0039,29,4,0,0.24258068544935119
W_F_0039,29,5,0,0.2507659918028451
W_F_0039,29,6,0,0.019814050106633667
W_F_0039,29,7,0,0.006332773990872129
W_F_0039,29,8,0,0.9413136227216288
W_F_0039,29,9,0,0.011842729725300195
W_F_0039,29,10,0,0.08188392894915607
W_F_0039,29,11,0,0.1034645423868441
W_F_0039,29,12,0,0.9939598793843292
W_F_0039,29,13,0,0.05822413073319057
W_F_0039,29,14,0,0.15864323601746982
W_F_0039,29,15,0,0.165975592139704
W_F_0039,29,16,0,0.09551864516437861
W_F_0039,29,17,0,0.2836854504709618
W_F_0039,29,18,0,0.04335871765255681
W_F_0039,29,19,0,0.011745757166489436
W_F_0039,29,20,0,0.15502388125903377
W_F_0039,29,21,0,0.04593609181313609
W_F_0039,29,22,0,0.1161140807305897
W_F_0039,29,23,0,0.004224575056492598
W_F_0039,29,24,0,0.12497324123484357
W_F_0039,29,25,0,0.013666554113914259
W_F_0039,29,26,0,0.02097501631967479
W_F_0039,29,27,0,0.033616609438419785
W_F_0039,29,28,0,0.10208355775391134
W_F_0039,29,29,0,0.5239032448118097
W_F_0039,29,30,0,0.08977852640998368
W_F_0039,29,31,0,0.011938468192612607
W_F_0039,29,32,0,0.3307829180465339
W_F_0039,29,33,1,0.3249606481840118
W_F_0039,30,4,1,0.2882897200718981
W_F_0039,30,5,1,0.765631484431154
W_F_0039,30,6,0,0.9405765683768396
W_F_0039,30,7,0,0.20561506693693593
W_F_0039,30,8,0,0.021050457115215013
W_F_0039,30,9,0,0.15698015823101452
W_F_0039,30,10,0,0.917470895047912
W_F_0039,30,11,0,0.06869875970161787
W_F_0039,30,12,0,0.04047220560437894
W_F_0039,30,13,0,0.08867304063083838
W_F_0039,30,14,0,0.019500937306427397
W_F_0039,30,15,0,0.06917140923922098
W_F_0039,30,16,0,0.01659609581991157
W_F_0039,30,17,0,0.06874582119378561
W_F_0039,30,18,0,0.021576822096177683
W_F_0039,30,19,1,0.20139745369485956
W_F_0039,30,20,0,0.7942745285495364
W_F_0039,30,21,0,0.19794920111903463
W_F_0039,30,22,0,0.04214709139608487
W_F_0039,30,23,0,0.17679240200012902
W_F_0039,30,24,0,0.9996060062713167
W_F_0039,30,25,0,0.5235930736680918
W_F_0039,30,26,0,0.15360420879368783
W_F_0039,30,27,0,0.008766248397541459
W_F_0039,30,28,0,0.861417817780527
W_F_0039,30,29,0,0.040454966586750296
W_F_0039,30,30,0,0.20701922759421856
W_F_0039,30,31,0,0.03890885948444049
W_F_0039,30,32,0,0.09787150867357015
W_F_0039,31,4,0,0.09824769741647893
W_F_0039,31,5,0,0.0540265394675448
W_F_0039,31,6,0,0.03012374665202799
W_F_0039,31,7,0,0.9995296762976161
W_F_0039,31,8,0,0.9960970331785927
W_F_0039,31,9,0,0.013409700206060141
W_F_0039,31,10,0,0.13148817610955604
W_F_0039,31,11,0,0.05464506363101008
W_F_0039,31,12,0,0.3100327637252128
W_F_0039,31,13,0,0.23011717922665126
W_F_0039,31,14,0,0.17467948299463187
W_F_0039,31,15,0,0.10050969415910609
W_F_0039,31,16,1,0.47675163416267574
W_F_0039,31,17,0,0.07515119213644332
W_F_0039,31,18,0,0.011279871785995729
W_F_0039,31,19,0,0.03537538487386079
W_F_0039,31,20,0,0.16176495985637038
W_F_0039,31,21,0,0.11225147790314327
W_F_0039,31,22,0,0.016535580040685248
W_F_0039,31,23,0,0.12346486199999124
W_F_0039,31,24,0,0.2524336226489174
W_F_0039,31,25,0,0.33590136345224314
W_F_0039,31,26,0,0.8669175729399613
W_F_0039,31,27,0,0.3202508262376952
W_F_0039,31,28,0,0.44999346256309036
W_F_0039,31,29,0,0.9985772961876632
W_F_0039,31,30,0,0.017198525893231717
W_F_0039,31,31,0,0.9997647555812719
W_F_0039,31,32,0,0.5497518005516394
W_F_0039,32,5,1,0.9882294245786404
W_F_0039,32,6,0,0.3063410855792373
W_F_0039,32,7,0,0.25207176369442863
W_F_0039,32,8,0,0.18510673826538632
W_F_0039,32,9,0,0.1940452370849222
W_F_0039,32,10,0,0.209890638201848
W_F_0039,32,11,0,0.3453696550821599
W_F_0039,32,12,0,0.047464475498965715
W_F_0039,32,13,0,0.02073126236254571
W_F_0039,32,14,0,0.01630635809579374
W_F_0039,32,15,0,0.3227466520013242
W_F_0039,32,16,0,0.03806915440328808
W_F_0039,32,17,0,0.19472568501886794
W_F_0039,32,18,0,0.169879807064942
W_F_0039,32,19,0,0.018893066052021932
W_F_0039,32,20,0,0.03416423956665413
W_F_0039,32,21,1,0.35459656231226755
W_F_0039,32,22,0,0.01567253504164517
W_F_0039,32,23,0,0.9995128442060996
W_F_0039,32,24,0,0.006081577314879791
W_F_0039,32,25,0,0.020023130585656166
W_F_0039,32,26,0,0.12281537568086039
W_F_0039,32,27,0,0.15013131473915786
W_F_0039,32,28,0,0.019256347915300065
W_F_0039,32,29,0,0.20501243659316376
W_F_0039,32,30,0,0.36803543380692394
W_F_0039,32,31,0,0.9899416549307797
W_F_0039,33,6,1,0.5948708308164076
W_F_0039,33,7,0,0.762596999898555
W_F_0039,33,8,0,0.040597299135280436
W_F_0039,33,9,0,0.0021154695633975444
W_F_0039,33,10,0,0.27787957439909394
W_F_0039,33,11,0,0.23965082445232974
W_F_0039,33,12,0,0.5463767989612541
W_F_0039,33,13,0,0.9967554624045069
W_F_0039,33,14,0,0.9998337997675052
W_F_0039,33,15,0,0.9140135975253663
W_F_0039,33,16,0,0.06220324461460766
W_F_0039,33,17,0,0.43757425251448223
W_F_0039,33,18,0,0.08451725530940997
W_F_0039,33,19,0,0.10491933316297729
W_F_0039,33,20,0,0.2412926681328605
W_F_0039,33,21,0,0.03328217467734302
W_F_0039,33,22,0,0.038079091918372596
W_F_0039,33,23,0,0.025912770000328805
W_F_0039,33,24,0,0.016049607621125474
W_F_0039,33,25,0,0.12351603360887015
W_F_0039,33,26,0,0.04268878841089683
W_F_0039,33,27,0,0.041281562441170615
W_F_0039,33,28,0,0.15454240984320136
W_F_0039,33,29,0,0.10845090914431772
W_F_0039,33,30,1,0.3072665973739746
W_F_0039,34,7,0,0.15851514589081386
W_F_0039,34,8,1,0.41786725282288517
W_F_0039,34,9,0,0.01282506586654658
W_F_0039,34,10,0,0.046091605539232416
W_F_0039,34,11,0,0.023707746417746787
W_F_0039,34,12,1,0.09203802828280962
W_F_0039,34,13,0,0.13085576255671644
W_F_0039,34,14,0,0.24625009181073734
W_F_0039,34,15,0,0.12822796693338895
W_F_0039,34,16,0,0.02409054653816141
W_F_0039,34,17,0,0.9969792517430988
W_F_0039,34,18,0,0.03612732737665491
W_F_0039,34,19,0,0.038363334229073336
W_F_0039,34,20,0,0.11847352281130288
W_F_0039,34,21,0,0.03610754020828996
W_F_0039,34,22,1,0.7415217359248727
W_F_0039,34,23,0,0.06006712683479656
W_F_0039,34,24,0,0.05063543120141705
W_F_0039,34,25,0,0.04713318917364509
W_F_0039,34,26,0,0.3659613630445238
W_F_0039,34,27,0,0.04746181130139205
W_F_0039,34,28,1,0.9682822867125698
W_F_0039,34,29,0,0.039461370033535885
W_F_0039,35,8,0,0.9998790712569503
W_F_0039,35,9,0,0.2065138397405145
W_F_0039,35,10,0,0.09706967491121456
W_F_0039,35,11,0,0.08513640887223746
W_F_0039,35,12,0,0.05019057049860012
W_F_0039,35,13,0,0.024831276061463427
W_F_0039,35,14,0,0.2117284654311087
W_F_0039,35,15,0,0.3364387934980077
W_F_0039,35,16,0,0.1425780136699434
W_F_0039,35,17,0,0.013562749315470947
W_F_0039,35,18,0,0.01259431517375337
W_F_0039,35,19,0,0.0490077958934421
W_F_0039,35,20,0,0.026851590650302872
W_F_0039,35,21,0,0.13819460918806212
W_F_0039,35,22,0,0.012878172633988128
W_F_0039,35,23,0,0.028954222575973514
W_F_0039,35,24,0,0.7889094381561996
W_F_0039,35,25,0,0.5292950527832251
W_F_0039,35,26,0,0.2758632421149957
W_F_0039,35,27,0,0.5644171298851636
W_F_0039,35,28,0,0.9999569105567556
W_F_0039,36,10,1,0.37544664360294877
W_F_0039,36,11,0,0.5839152089657512
W_F_0039,36,12,1,0.7243920723823702
W_F_0039,36,13,0,0.5507053705223909
W_F_0039,36,14,1,0.48687166603087023
W_F_0039,36,15,0,0.5167997348688684
W_F_0039,36,16,0,0.24384224016713563
W_F_0039,36,17,0,0.12051234338654841
W_F_0039,36,18,0,0.027925053276382984
W_F_0039,36,19,0,0.4287837271934976
W_F_0039,36,20,0,0.0328486500005594
W_F_0039,36,21,0,0.22544792102393058
W_F_0039,36,22,0,0.12842448329347111
W_F_0039,36,23,1,0.6552058633746848
W_F_0039,36,24,1,0.7443822941304209
W_F_0039,36,25,0,0.02811639473328233
W_F_0039,36,26,0,0.41344129361244686
W_F_0039,37,11,1,0.1735616040431127
W_F_0039,37,12,1,0.26030483071747207
W_F_0039,37,13,0,0.07830562381143692
W_F_0039,37,14,0,0.16314734168577483
W_F_0039,37,15,0,0.019059208963191483
W_F_0039,37,16,0,0.7597021978462621
W_F_0039,37,17,0,0.33251687101843014
W_F_0039,37,18,0,0.042489778417899256
W_F_0039,37,19,0,0.39304140937594845
W_F_0039,37,20,0,0.18545741913741876
W_F_0039,37,21,0,0.07757034748695234
W_F_0039,37,22,0,0.03520078195801029
W_F_0039,37,23,0,0.4679143241352738
W_F_0039,37,24,1,0.17585182039879385
W_F_0039,37,25,0,0.050803827213214456
W_F_0039,38,14,1,0.9995522702292734
W_F_0039,38,15,0,0.13990124373385063
W_F_0039,38,16,0,0.9995323062944292
W_F_0039,38,17,0,0.160542476887897
W_F_0039,38,18,0,0.6642350318317612
W_F_0039,38,19,0,0.1051221989959307
W_F_0039,38,20,1,0.6644127168738447
W_F_0039,38,21,0,0.10635553812438217
W_F_0039,38,22,1,0.9999826704866759
